# Heliports carrying a real ICAO code. Source: OpenStreetMap (ODbL), via fetch_osm.py.
# GENERATED by tools/poi/build_poi.py -- do not hand-edit; edit the generator or refetch.
# Unnamed rooftop and hospital pads are deliberately excluded: a pictogram with no usable
# identifier beside it tells the wearer nothing.
# Columns: code,lat,lon,type,flags   (type 0 = airfield, flags 2 = helipad, +1 = military)
code,lat,lon,type,flags
2CA0,36.48707,-118.84018,0,2
4NK0,42.09222,-79.23147,0,2
53FA,28.30804,-82.48688,0,2
72CA,39.97336,-120.93948,0,2
BGAG,72.88704,-55.59622,0,2
BGAK,68.74435,-52.34020,0,2
BGAM,65.61230,-37.61836,0,2
BGAP,60.46451,-45.56922,0,2
BGAQ,60.14836,-44.28691,0,2
BGAR,61.17686,-48.41977,0,2
BGAS,60.59567,-45.38288,0,2
BGAT,67.94005,-53.62280,0,2
BGBW,61.16042,-45.42507,0,2
BGCH,68.82278,-51.17353,0,2
BGFD,60.00362,-44.65624,0,2
BGGD,61.22905,-48.09696,0,2
BGGN,69.25117,-53.51486,0,2
BGIA,70.49813,-51.30315,0,2
BGIG,68.14581,-53.16954,0,2
BGIG,68.14667,-53.20000,0,2
BGIK,68.14088,-53.44145,0,2
BGIL,69.08230,-51.10825,0,2
BGIN,73.20242,-56.01122,0,2
BGIO,60.99230,-45.43141,0,2
BGIS,65.54658,-38.97773,0,2
BGIT,68.63221,-51.83369,0,2
BGKA,68.31266,-53.46026,0,2
BGKL,72.15550,-55.53492,0,2
BGKM,65.86384,-36.99550,0,2
BGKQ,74.57943,-57.23542,0,2
BGKS,72.38106,-55.53649,0,2
BGKT,68.85793,-53.12401,0,2
BGLL,71.23976,-53.55548,0,2
BGMO,76.75091,-69.82840,0,2
BGMO,76.75326,-69.85212,0,2
BGNK,68.23913,-52.84309,0,2
BGNK,68.24833,-52.88000,0,2
BGNL,60.35723,-44.82803,0,2
BGNN,60.14188,-45.23308,0,2
BGNQ,71.53875,-53.20506,0,2
BGNS,60.91726,-46.05987,0,2
BGNT,70.78900,-53.65609,0,2
BGNU,74.10986,-57.06510,0,2
BGQE,69.99945,-51.30374,0,2
BGQK,61.14593,-45.51317,0,2
BGQT,60.77940,-47.15257,0,2
BGSC,70.48821,-21.97184,0,2
BGSG,65.90591,-36.37823,0,2
BGSI,77.78652,-70.63848,0,2
BGSO,60.53796,-46.02293,0,2
BGSQ,70.01144,-51.93212,0,2
BGST,70.80868,-51.62665,0,2
BGSV,76.01864,-65.11755,0,2
BGTA,73.37308,-56.06029,0,2
BGTN,65.89203,-37.78341,0,2
BGTQ,60.19319,-44.82000,0,2
BGUM,70.68038,-52.11164,0,2
BGUT,71.05125,-51.88427,0,2
BKVR,42.51371,21.53449,0,2
CAC6,51.07583,-114.14770,0,2
CBBC,58.39037,-134.76927,0,2
CBC7,49.28657,-123.10649,0,2
CBF7,48.41804,-123.38746,0,2
CCH6,46.41783,-63.77402,0,2
CDH5,49.16048,-123.92326,0,2
CEM2,50.98828,-114.09830,0,2
CHQE,44.64594,-63.58663,0,2
CIW2,44.63700,-63.58446,0,2
CLP2,45.57860,-73.75003,0,2
CNK7,51.10347,-115.01229,0,2
CPZ6,45.52983,-73.65782,0,2
CQH2,45.29872,-75.50066,0,2
CSU8,46.44945,-81.04491,0,2
CWG2,49.90049,-97.09560,0,2
CYBD,61.21270,-149.82662,0,2
CYBN,44.27160,-79.91236,0,2
CYCX,45.83778,-66.43672,0,2
EBAD,50.91725,3.16541,0,2
EBAK,51.20000,4.35969,0,2
EBAL,50.94314,4.05570,0,2
EBAW,51.18723,4.45976,0,2
EBBA,50.46954,3.83877,0,2
EBBC,51.30515,4.62958,0,2
EBBM,50.83089,3.77409,0,2
EBCH,50.64822,5.53428,0,2
EBCT,50.50311,3.98250,0,3
EBDL,51.01744,5.69982,0,2
EBDY,50.57542,4.35808,0,2
EBEA,51.19117,3.53448,0,2
EBEB,51.10084,3.65357,0,2
EBEU,51.15590,4.40984,0,2
EBFI,51.33269,3.36440,0,2
EBFR,50.45612,5.95378,0,2
EBGE,50.37578,4.48628,0,2
EBGH,50.42090,4.48986,0,2
EBGT,51.02056,3.73032,0,2
EBHL,50.93028,5.08059,0,2
EBHO,50.91966,4.76895,0,2
EBKG,50.80288,3.26395,0,2
EBKW,51.32168,3.29458,0,2
EBKZ,51.32870,3.29238,0,2
EBLC,50.65340,5.57764,0,2
EBLM,50.93167,3.29384,0,2
EBLR,50.93389,2.75500,0,2
EBLS,50.57132,5.56540,0,2
EBLT,51.13624,4.47898,0,2
EBLU,50.99195,5.23903,0,2
EBLX,50.28681,5.78883,0,2
EBLZ,51.13042,3.86409,0,2
EBMC,50.43023,4.43847,0,2
EBMD,51.18168,4.42110,0,2
EBMT,50.35855,4.36849,0,2
EBMW,50.94807,4.29601,0,2
EBNB,50.47901,4.88504,0,2
EBNG,50.35869,4.88450,0,2
EBNH,51.19400,2.85360,0,2
EBOK,50.86954,4.28061,0,2
EBOO,51.27444,2.44750,0,2
EBRR,50.91001,3.14802,0,2
EBSJ,51.22046,3.19611,0,2
EBSS,51.18392,3.24996,0,2
EBSW,50.76322,4.21901,0,2
EBTK,51.28369,4.91206,0,2
EBUC,50.85306,4.45356,0,2
EBVN,51.30651,4.80663,0,2
EBVS,51.06231,2.66923,0,2
EBVU,50.93920,4.73078,0,2
EBWA,51.12267,4.12781,0,2
EBWZ,51.05203,3.23894,0,2
EBYP,50.86349,2.89668,0,2
EBZO,50.81728,2.97457,0,2
EDDT,52.56480,13.29665,0,2
EDGO,49.24151,9.23519,0,2
EDHX,53.94280,9.90554,0,2
EDMX,48.23409,11.56559,0,2
EDOY,52.60062,13.57597,0,2
EDPR,48.70734,10.76919,0,2
EESE,58.13194,22.25834,0,2
EFEJ,60.22271,24.68986,0,2
EFEK,69.00239,20.89707,0,2
EFHS,62.77214,22.81879,0,2
EFPE,60.33101,25.06098,0,2
EFPJ,62.89716,27.64935,0,2
EGBC,51.92573,-2.05441,0,2
EGEA,57.11975,-2.32132,0,2
EGFC,51.46744,-3.13784,0,2
EGHK,50.13003,-5.51397,0,2
EGHT,49.94573,-6.33166,0,2
EGKG,50.90016,-0.73722,0,2
EGLT,51.41707,-0.67343,0,2
EGLW,51.46970,-0.17907,0,2
EGNP,53.87817,-1.66208,0,2
EGSD,52.63564,1.72262,0,2
EGVF,50.83483,-1.16879,0,2
EHAD,53.45093,5.68236,0,2
EHAK,55.39889,3.81000,0,2
EHBL,55.28472,4.09667,0,2
EHFB,54.94472,4.57250,0,2
EHFC,54.85306,4.72611,0,2
EHFD,54.85317,4.69483,0,2
EHFE,54.98528,4.90000,0,2
EHHA,52.41472,4.80470,0,2
EHHE,53.46118,6.81386,0,2
EHHW,54.03687,6.04186,0,2
EHMA,53.49111,5.94134,0,2
EHSO,53.47315,6.19470,0,2
EHTP,51.95938,4.08993,0,2
EHTS,53.38413,5.27810,0,2
EHVL,53.29695,5.08540,0,2
EHYP,52.46989,4.59346,0,2
EKAO,54.89068,10.39858,0,2
EKCB,56.13464,10.08045,0,2
EKEH,55.47415,8.45789,0,2
EKFA,61.54369,-6.77442,0,2
EKHI,62.33023,-6.27650,0,2
EKHL,55.49666,8.91088,0,2
EKKH,55.50480,9.48360,0,2
EKKU,62.31718,-6.31332,0,2
EKKV,62.21764,-6.57637,0,2
EKMS,62.10215,-7.64589,0,2
EKOH,55.38451,10.36394,0,2
EKRB,55.09055,14.70831,0,2
EKRC,55.59099,12.12098,0,2
EKRC,55.63469,12.09041,0,2
EKRH,55.69667,12.56676,0,2
EKSE,55.40060,11.37288,0,2
EKSG,55.54394,10.63572,0,2
EKSH,56.19077,10.17486,0,2
EKSK,56.55730,8.97586,0,2
EKSO,62.27664,-6.34146,0,2
EKSR,61.68533,-6.75845,0,2
EKSY,61.76956,-6.80345,0,2
EKTR,56.19296,10.16754,0,2
ELEA,49.50089,5.98215,0,2
ELLC,49.61928,6.10254,0,2
ELLK,49.63261,6.17710,0,2
ELLZ,49.60343,6.12814,0,2
ENAH,60.62995,8.56698,0,2
ENAR,58.46746,8.75406,0,2
ENAX,62.46296,6.31244,0,2
ENBA,78.10084,14.20597,0,2
ENBE,59.19060,2.35806,0,2
ENBG,60.37987,5.34617,0,2
ENBH,60.33243,5.23210,0,2
ENBI,60.40928,5.31707,0,2
ENBJ,74.50426,19.00256,0,2
ENBX,60.37314,5.35831,0,2
ENDB,62.06887,9.12120,0,2
ENDH,59.74781,10.19744,0,2
ENDP,58.18826,2.47121,0,2
ENDR,64.35556,7.79167,0,2
ENEH,58.46463,6.01773,0,2
ENEL,60.87676,11.56969,0,2
ENFB,61.20641,1.82888,0,2
ENFD,61.45572,5.88612,0,2
ENFJ,60.76572,4.73303,0,2
ENGA,61.17519,2.18625,0,2
ENGC,61.21406,2.27098,0,2
ENHE,65.32556,7.31583,0,2
ENHM,59.56667,2.23333,0,2
ENHO,76.50812,25.01376,0,2
ENHR,68.77963,16.59548,0,2
ENHX,59.40873,5.27962,0,2
ENJS,58.83528,2.54556,0,2
ENLA,57.11038,2.84423,0,2
ENLE,56.53330,3.21667,0,2
ENLG,61.89907,6.61913,0,2
ENLH,61.11325,10.47216,0,2
ENLX,59.93214,10.98689,0,2
ENNE,66.03333,8.08333,0,2
ENNH,64.46998,11.50415,0,2
ENOA,60.49125,2.82490,0,2
ENOC,60.60782,2.77392,0,2
ENPY,78.65231,16.33715,0,2
ENQA,60.64513,3.72481,0,2
ENQB,60.77390,3.50139,0,2
ENQC,60.88582,3.60974,0,2
ENQD,60.54204,3.04510,0,2
ENQE,60.70000,2.93361,0,2
ENQF,60.78209,2.89596,0,2
ENQG,61.20211,2.19883,0,2
ENQJ,61.33167,3.89500,0,2
ENQK,61.07955,2.49736,0,2
ENQL,60.49767,2.07367,0,2
ENQM,60.50558,2.01485,0,2
ENQO,60.38959,2.79471,0,2
ENQR,61.51667,2.21667,0,2
ENQS,61.29610,1.90083,0,2
ENQV,61.36972,2.45722,0,2
ENQW,61.03994,2.33638,0,2
ENQW,61.04000,2.36694,0,2
ENRH,59.95060,10.71372,0,2
ENRT,63.36813,10.37396,0,2
ENRX,60.14909,10.25524,0,2
ENSC,59.48360,6.27234,0,2
ENSE,61.44890,2.14250,0,2
ENSF,61.25518,1.85211,0,2
ENSJ,66.01786,12.61600,0,2
ENSL,58.36670,1.90699,0,2
ENSX,58.95209,5.73091,0,2
ENTE,59.19074,9.59326,0,2
ENTH,59.27327,10.41626,0,2
ENTR,63.41991,10.38564,0,2
ENTU,69.68392,18.98471,0,2
ENTX,59.80389,10.84068,0,2
ENUA,65.06414,6.72569,0,2
ENUB,65.11010,6.78943,0,2
ENUC,65.13110,6.86403,0,2
ENUD,64.27067,7.20011,0,2
ENUE,64.27111,7.20139,0,2
ENUG,71.30000,22.25000,0,2
ENUH,59.93621,10.73652,0,2
ENUK,64.99396,6.55134,0,2
ENUN,67.04080,7.05500,0,2
ENUR,65.34333,7.36722,0,2
ENUS,65.69972,7.65083,0,2
ENVF,60.78142,2.89719,0,2
ENVR,67.65455,12.72704,0,2
ENWA,59.56695,1.99679,0,2
ENWE,58.84189,2.24558,0,2
ENWG,58.84472,1.74222,0,2
ENWI,58.92222,2.19778,0,2
ENWK,58.57124,1.69475,0,2
ENWR,58.58333,1.73278,0,2
ENWV,56.27810,3.39278,0,2
ENWY,57.48880,4.32120,0,2
ENXA,56.52054,3.22123,0,2
ENXB,56.41897,3.21669,0,2
ENXD,56.56250,3.08417,0,2
ENXH,56.17580,3.45861,0,2
ENXI,56.32389,3.35111,0,2
ENXJ,56.22705,3.43593,0,2
ENXK,56.56559,3.20445,0,2
ENXL,56.37639,3.26407,0,2
ENXM,56.33258,3.24678,0,2
ENXO,59.26527,2.44777,0,2
ENXR,56.98229,2.95685,0,2
ENXT,56.64142,3.32545,0,2
ENXW,59.16466,2.48574,0,2
ENXZ,58.41730,1.71630,0,2
EPAA,52.11940,20.86983,0,2
EPBT,49.32807,20.09549,0,2
EPCY,50.06118,21.92311,0,2
EPDJ,52.36187,21.26635,0,2
EPFR,52.14852,20.98712,0,2
EPFW,49.67080,20.68490,0,2
EPGN,51.02802,20.40257,0,2
EPHK,50.05515,19.97529,0,2
EPKH,54.05117,16.27992,0,2
EPMA,49.88061,19.46716,0,2
EPMP,49.72214,19.69613,0,2
EPMW,49.88621,19.50795,0,2
EPND,50.42370,21.79708,0,2
EPNG,49.74129,20.72276,0,2
EPPY,50.00657,18.96215,0,2
EPRY,49.74369,19.10131,0,2
EPTY,50.06649,21.92995,0,2
ESEB,57.72418,12.96434,0,2
ESED,62.40794,17.30226,0,2
ESEG,67.13658,20.63367,0,2
ESEM,55.71177,13.19880,0,2
ESEQ,67.85040,20.23663,0,2
ESES,65.67240,21.93590,0,2
ESEY,64.58538,18.68107,0,2
ESHB,57.71953,12.05061,0,2
ESHC,59.30846,18.05473,0,2
ESHH,56.03737,12.68982,0,2
ESHI,56.02930,14.17186,0,2
ESHJ,57.76477,14.19452,0,2
ESHK,59.35112,18.03523,0,2
ESHM,57.87713,11.96817,0,2
ESHN,56.18325,15.60890,0,2
ESHQ,59.27479,15.22887,0,2
ESHS,57.68360,11.95662,0,2
ESHT,59.34076,18.10382,0,2
ESHV,59.37629,13.47607,0,2
ESHX,61.73057,17.09994,0,2
ESJA,60.68144,17.11819,0,2
ESJL,58.40163,15.61954,0,2
ESPG,65.80985,21.69212,0,2
ETEB,49.30957,10.63985,0,3
ETHH,50.69670,7.04513,0,2
EVAP,56.66603,23.77972,0,2
EVJC,56.60627,23.45212,0,2
EVLU,56.52113,27.69408,0,2
EYPH,54.48681,24.99733,0,2
FXLT,-28.99590,28.85612,0,2
FYLH,23.01857,113.44525,0,2
H046,54.61048,41.19148,0,2
H139,55.09770,60.74026,0,3
H143,55.08364,60.80036,0,3
H150,55.20886,59.70863,0,2
H177,55.39323,60.16209,0,2
H383,54.60199,39.67849,0,2
H388,54.33936,41.84143,0,2
H401,55.10051,60.53604,0,3
H405,53.82895,39.53394,0,2
H438,55.10564,60.50232,0,2
H444,54.90947,41.24356,0,2
H487,55.10841,60.53362,0,3
H502,54.28487,40.86900,0,2
H558,55.12601,60.56294,0,3
H602,55.95590,37.89233,0,2
H616,55.07303,38.85376,0,2
H618,55.11390,60.52922,0,3
H731,56.47469,40.67137,0,2
H945,55.88662,37.36750,0,2
HA0T,55.02756,60.42301,0,3
HA17,54.66493,39.99421,0,2
HA1I,55.85141,37.40231,0,2
HA2K,54.71073,39.92730,0,2
HA3C,55.15456,38.99543,0,2
HA49,55.81789,37.38127,0,2
HA4P,54.03225,41.66116,0,2
HA4U,56.23128,37.49460,0,2
HA6S,56.09198,37.63332,0,2
HAA7,55.10781,60.66006,0,3
HAW7,55.37359,61.28816,0,2
HC1L,55.68260,84.99153,0,2
HC1M,55.45022,82.91064,0,2
HC38,55.76696,37.30808,0,2
HC7X,55.03136,61.35895,0,2
HC9V,55.38889,86.13886,0,2
HCL8,56.04146,37.66302,0,2
HCP7,52.64297,59.53934,0,2
HCX0,59.44683,56.83629,0,2
HD1U,46.67308,48.53768,0,2
HD1V,46.67431,48.51407,0,2
HD3J,55.81603,38.12731,0,2
HD3R,55.76454,37.63048,0,2
HD6S,56.16863,40.49849,0,2
HD9N,53.65716,91.57508,0,2
HDB1,55.96118,39.22781,0,2
HDY2,52.92892,88.38995,0,2
HE1F,55.17150,61.40122,0,2
HE2E,62.49734,159.76452,0,2
HE36,55.75451,37.57265,0,2
HE3J,55.75192,37.57976,0,2
HE8P,54.41348,62.69684,0,2
HEE5,54.59673,61.17223,0,2
HEN6,55.79049,84.64467,0,2
HF28,55.63404,60.80644,0,3
HFG1,56.00040,60.80896,0,2
HFG2,54.99603,60.32824,0,2
HFOI,43.02532,1.61761,0,2
HGQ2,48.58129,51.64957,0,2
HGR3,48.52041,51.70693,0,2
HGR4,47.66966,53.34762,0,2
HGR6,46.91654,53.93601,0,2
HGR7,46.98997,54.01379,0,2
HHP0,52.94911,87.96952,0,2
HYYY,22.95100,113.20492,0,2
IL75,41.87459,-87.67332,0,2
K79S,47.84867,-110.62938,0,2
KBOF,38.84513,-77.01446,0,2
KCQJ,38.73853,-104.83518,0,3
KEBY,48.37047,-124.59811,0,2
KFCT,46.66943,-120.45680,0,3
KFHK,31.32028,-85.67390,0,3
KHEY,31.34678,-85.65411,0,3
KJPN,38.87490,-77.05667,0,2
KJRB,40.70124,-74.00859,0,2
KJSD,41.24734,-73.09776,0,2
KLOR,31.35461,-85.75028,0,3
KNBV,30.17502,-85.75260,0,3
KNCY,37.26838,-76.57403,0,3
KSXS,31.36295,-85.84975,0,3
LAFK,41.31105,19.88000,0,2
LBLN,42.61844,23.50102,0,2
LBMD,42.70644,27.76642,0,2
LBML,42.56001,26.77666,0,2
LBSV,43.22698,27.93938,0,2
LBWC,43.18683,27.84939,0,3
LEAG,36.12883,-5.44116,0,2
LEBD,40.48456,-6.57713,0,2
LEBP,39.95791,-0.01163,0,2
LECV,40.69694,-3.76473,0,3
LEEC,37.31184,-6.00428,0,3
LEEX,37.39910,-6.01075,0,2
LEFB,40.32162,-1.05660,0,2
LEFI,41.61694,-4.41268,0,2
LEGM,43.43614,-5.83088,0,2
LEGT,40.29762,-3.71495,0,2
LEHK,41.97399,-7.39898,0,2
LEHY,40.17048,-6.70759,0,2
LEIC,41.22338,-4.50610,0,2
LEIN,42.81345,-7.61942,0,2
LELR,40.52042,-3.88286,0,2
LELS,41.27221,-3.51748,0,2
LEMD,40.50109,-3.58627,0,2
LEOR,42.13212,2.90412,0,2
LEPV,43.67468,-7.59509,0,2
LEQU,41.62837,-4.38451,0,2
LERB,42.48087,-6.27239,0,2
LETA,41.57373,2.25715,0,2
LETM,42.01373,2.32142,0,2
LETO,40.50096,-3.45137,0,2
LEXN,42.38395,-7.30125,0,2
LEXU,41.95115,-7.95731,0,2
LEZO,40.93588,-3.62557,0,2
LFPI,48.83324,2.27306,0,2
LFTL,43.54511,7.01707,0,2
LFTR,43.08270,5.93382,0,2
LFWD,48.72748,1.38464,0,2
LGIR,35.33790,25.17658,0,2
LGKZ,40.29083,21.83938,0,2
LGPZ,38.92635,20.78076,0,2
LHBB,47.45452,18.90729,0,2
LHGU,47.60503,17.65950,0,2
LIBJ,38.63994,16.04620,0,3
LILW,45.13158,7.61079,0,3
LJHL,46.05507,14.52073,0,2
LKHL,49.61032,15.57049,0,2
LKJL,49.39853,15.56794,0,2
LKNO,49.56145,16.06310,0,2
LKPE,49.43535,15.23124,0,2
LKPK,50.03193,14.45705,0,2
LLAA,31.77846,34.65509,0,2
LNMC,43.72583,7.41977,0,2
LOAE,47.84677,16.51348,0,2
LOAF,48.00062,16.25580,0,2
LOAH,48.66925,15.66071,0,2
LOAI,47.81593,16.24714,0,2
LOAK,48.41276,15.61521,0,2
LOAL,48.21447,15.25561,0,2
LOAM,48.17365,16.32279,0,2
LOAO,47.50770,16.51170,0,2
LOAP,47.95266,14.78805,0,2
LOAQ,48.12672,14.88088,0,2
LOAT,47.83526,16.20831,0,2
LOAW,47.84515,16.25160,0,2
LOAX,48.21443,15.62551,0,2
LOAY,48.08608,15.42839,0,2
LOAZ,48.59972,15.16371,0,2
LOBA,48.22139,16.34619,0,2
LOBB,48.26772,16.40596,0,2
LOBC,48.14320,16.95881,0,2
LOBD,48.21889,16.46346,0,2
LOBE,47.85710,16.93889,0,2
LOBF,48.18935,16.41248,0,2
LOBG,48.78535,14.97484,0,2
LOBH,48.19993,16.29131,0,2
LOBI,48.08948,16.29824,0,2
LOBK,48.44646,15.62853,0,2
LOBL,48.23722,16.38363,0,2
LOBM,48.56720,16.58099,0,2
LOBN,47.72683,16.08643,0,2
LOBO,48.56276,16.09157,0,2
LOBR,48.19564,16.39063,0,2
LOBS,48.01117,15.16268,0,2
LOBT,48.32226,16.06505,0,2
LOBU,48.17284,16.34463,0,2
LOBW,48.21064,16.30077,0,2
LODO,47.30526,16.18351,0,2
LOGC,47.47965,14.00988,0,2
LOGE,47.21298,15.63629,0,2
LOGH,47.07991,15.46383,0,2
LOGR,47.27856,16.20523,0,2
LOGS,47.04611,16.08674,0,2
LOGZ,47.08440,15.46896,0,2
LOIC,47.11963,10.24054,0,2
LOID,47.57124,12.14953,0,2
LOIE,47.47301,10.71166,0,2
LOIF,47.23120,9.57873,0,2
LOIG,47.20033,9.78023,0,2
LOII,47.28281,11.51572,0,2
LOIL,47.17624,10.61190,0,2
LOIM,47.56583,12.13546,0,2
LOIN,47.30864,11.05058,0,2
LOIO,46.94657,11.01849,0,2
LOIP,46.98042,10.31591,0,2
LOIQ,47.27481,9.59152,0,2
LOIS,47.29465,11.60005,0,2
LOIU,47.26103,11.38474,0,2
LOIV,47.16130,10.59389,0,2
LOIW,47.58531,12.59262,0,2
LOIX,47.49664,9.74509,0,2
LOIY,47.07382,9.91331,0,2
LOJB,47.15948,9.82126,0,2
LOJC,47.48886,12.36515,0,2
LOJD,47.40632,9.74006,0,2
LOJH,46.91097,11.05352,0,2
LOJI,47.21341,10.70015,0,2
LOJK,47.28492,11.88009,0,2
LOJM,47.17764,11.86710,0,2
LOJN,47.20892,9.65975,0,2
LOJO,47.25503,11.34549,0,2
LOJP,47.21896,10.76881,0,2
LOJS,47.05057,11.23623,0,2
LOJT,47.13351,11.70391,0,2
LOJW,47.18420,10.15718,0,2
LOKJ,46.83497,12.76473,0,2
LOKL,46.79975,12.87682,0,2
LOKO,46.79298,13.48324,0,2
LOLV,48.00294,13.63914,0,2
LOLY,47.96911,14.93941,0,2
LOMM,46.99210,12.54196,0,2
LOMN,46.56905,13.27396,0,2
LOMP,46.81937,13.85701,0,2
LOSH,47.36581,12.59732,0,2
LOSL,47.80583,13.02761,0,2
LOWS,47.79613,12.99763,0,2
LOWZ,47.29225,12.78585,0,2
LOXI,47.33501,11.69755,0,3
LOXS,47.79802,12.97997,0,2
LPAB,39.45607,-8.19982,0,2
LPCC,32.64760,-16.92376,0,2
LPCI,40.21988,-8.41302,0,2
LPDA,41.14657,-8.63271,0,2
LPGO,38.67507,-9.17736,0,2
LPMC,41.52556,-6.96615,0,2
LPMZ,32.86699,-17.16499,0,2
LQMR,46.74094,13.66480,0,2
LRBG,45.68664,25.52816,0,2
LRBK,44.63299,26.19749,0,2
LRCX,45.65723,25.55729,0,2
LRFB,47.34261,22.57499,0,2
LRMA,45.68730,25.52711,0,2
LSHI,46.94830,7.42448,0,2
LSHJ,47.35177,8.57140,0,2
LSVD,46.82012,8.88165,0,2
LSVK,47.00407,8.99169,0,2
LSVO,46.93190,9.86572,0,2
LSVV,46.87845,9.15201,0,2
LSXB,47.06805,9.48095,0,2
LSXG,46.64791,7.87859,0,2
LSXH,47.31402,8.02627,0,2
LSXO,47.40556,9.29033,0,2
LSXS,47.16996,8.71480,0,2
LSYA,46.97876,10.37136,0,2
LSYC,46.83595,9.21517,0,2
LSYI,46.81062,8.96774,0,2
LSZS,46.53044,9.87824,0,2
LYBS,42.28214,18.86563,0,2
LYBV,44.76180,20.47147,0,3
MD36,39.14511,-76.50135,0,2
NZGO,-46.10269,168.93846,0,2
NZJM,-40.33767,175.61925,0,2
NZJU,-39.94422,175.03917,0,2
NZMB,-36.84647,174.78802,0,2
NZON,-46.90064,168.12450,0,2
NZQW,-41.28558,174.78018,0,2
NZWH,-41.30960,174.78040,0,2
OA1Z,34.85301,71.13384,0,2
OZHJN,-33.77100,150.73121,0,2
PACA,58.19931,-136.64006,0,2
PPDM,65.75836,-168.95369,0,2
RJFH,33.67798,130.39185,0,2
RJTI,35.63608,139.83843,0,2
RJTS,36.43512,138.95333,0,3
RKDD,37.23950,131.86918,0,2
RKSH,37.67307,127.10770,0,2
RSH,50.81974,-0.11641,0,2
SBFS,-22.03053,-41.06852,0,2
SDAB,-8.03374,-34.87113,0,2
SDAC,-23.47488,-46.52220,0,2
SDAH,-23.49355,-46.84834,0,2
SDAK,-22.29647,-46.85559,0,2
SDAL,-21.22666,-47.78208,0,2
SDAP,-23.56528,-46.64222,0,2
SDAT,-23.56320,-46.56172,0,2
SDAV,-20.17250,-43.92028,0,2
SDAW,-23.59190,-46.68543,0,2
SDAX,-23.53944,-46.64932,0,2
SDAZ,-22.90911,-43.18135,0,2
SDBC,-23.48752,-46.85778,0,2
SDBF,-23.53040,-46.64531,0,2
SDBG,-23.00665,-43.34727,0,2
SDBH,-23.59517,-46.71071,0,2
SDBL,-23.56218,-46.65405,0,2
SDBM,-23.56778,-46.64146,0,2
SDBO,-19.46626,-44.37282,0,2
SDBQ,-3.74171,-38.48008,0,2
SDBR,-23.60860,-46.69457,0,2
SDBS,-23.57609,-46.68722,0,2
SDBT,-23.27278,-47.55622,0,2
SDBW,-23.54354,-46.64464,0,2
SDCC,-21.71582,-47.48086,0,2
SDCI,-19.81814,-44.34475,0,2
SDCP,-22.73692,-46.74700,0,2
SDCQ,-23.59320,-46.85306,0,2
SDCS,-16.09252,-39.41307,0,2
SDCT,-21.12802,-44.16982,0,2
SDCV,-23.56498,-46.65347,0,2
SDCY,-23.59171,-46.68780,0,2
SDDF,-2.52452,-44.29060,0,2
SDDG,-23.53871,-46.66245,0,2
SDDH,-23.58885,-46.68128,0,2
SDDM,-22.94669,-43.19816,0,2
SDDO,-22.90421,-43.17528,0,2
SDDP,-23.56794,-46.64602,0,2
SDDT,-22.38892,-41.77066,0,2
SDDU,-3.74135,-38.48732,0,2
SDDW,-22.99865,-44.24899,0,2
SDDY,-23.82364,-46.36791,0,2
SDDZ,-22.69673,-51.33261,0,2
SDEA,-23.58357,-46.68394,0,2
SDEC,-8.06539,-34.89672,0,2
SDEF,-23.53234,-46.38628,0,2
SDEG,-23.50462,-46.85103,0,2
SDEH,-2.99818,-60.03020,0,2
SDEK,-23.73623,-45.74699,0,2
SDEL,-23.59111,-46.68568,0,2
SDEQ,-25.37661,-49.08481,0,2
SDEU,-23.38481,-46.83212,0,2
SDEW,-23.54191,-46.22925,0,2
SDEX,-23.33917,-47.34750,0,2
SDEY,-23.68926,-46.60575,0,2
SDEZ,-23.57231,-46.69861,0,2
SDFA,-22.96945,-44.44410,0,2
SDFB,-22.96456,-47.07711,0,2
SDFG,-15.83664,-48.08435,0,2
SDFJ,-22.95154,-47.76002,0,2
SDFL,-2.49983,-44.30783,0,2
SDFN,-23.04764,-44.35084,0,2
SDFO,-23.46626,-46.86060,0,2
SDFP,-23.53752,-46.64577,0,2
SDFQ,-22.94433,-43.18255,0,2
SDFR,-3.74109,-38.47349,0,2
SDFS,-22.09224,-48.34756,0,2
SDFV,-23.52219,-46.66727,0,2
SDFW,-23.57493,-46.68783,0,2
SDGD,-22.99421,-48.56774,0,2
SDGE,-23.61110,-46.57071,0,2
SDGG,-23.56109,-46.69439,0,2
SDGH,-20.51102,-48.59267,0,2
SDGI,-22.92324,-46.90747,0,2
SDGK,-22.35242,-43.16431,0,2
SDGL,-22.88086,-43.27483,0,2
SDGN,-8.13174,-34.90412,0,2
SDGO,-23.45420,-46.48545,0,2
SDGS,-23.58587,-46.68035,0,2
SDGV,-19.99448,-43.95219,0,2
SDGW,-23.58722,-46.67515,0,2
SDGZ,-23.54947,-46.77231,0,2
SDHB,-23.54845,-46.76900,0,2
SDHF,-21.96658,-46.75226,0,2
SDHG,-23.48162,-46.77802,0,2
SDHH,-15.77500,-47.90610,0,2
SDHI,-23.59522,-46.65248,0,2
SDHJ,-10.93348,-61.92614,0,2
SDHL,-22.97484,-43.21652,0,2
SDHN,-22.74421,-42.85210,0,2
SDHO,-23.65544,-46.52875,0,2
SDHQ,-23.56714,-46.50548,0,2
SDHT,-23.55892,-46.65759,0,2
SDHU,-22.95126,-43.16550,0,2
SDHV,-23.60043,-46.71522,0,2
SDHW,-23.55757,-46.63472,0,2
SDHY,-23.55669,-46.66118,0,2
SDHZ,-22.90451,-47.06782,0,2
SDIA,-23.54589,-46.63252,0,2
SDIF,-19.78661,-43.95155,0,2
SDII,-23.50473,-46.84932,0,2
SDIJ,-8.18768,-35.49757,0,2
SDIK,-22.81958,-47.03529,0,2
SDIQ,-23.04880,-44.19585,0,2
SDIS,-23.24750,-49.02405,0,2
SDIT,-23.57639,-46.65782,0,2
SDIU,-20.45038,-54.57606,0,2
SDIW,-23.59426,-46.68939,0,2
SDIY,-8.01479,-34.94110,0,2
SDJB,-22.97342,-46.70056,0,2
SDJD,-23.76032,-45.71218,0,2
SDJE,-22.89313,-43.29422,0,2
SDJH,-16.68683,-49.28202,0,2
SDJI,-23.32612,-45.81674,0,2
SDJJ,-22.87128,-49.04763,0,2
SDJK,-23.50181,-46.84235,0,2
SDJM,-23.13265,-46.92805,0,2
SDJP,-22.74526,-43.46443,0,2
SDJT,-23.17513,-46.90900,0,2
SDJU,-23.59060,-46.67314,0,2
SDJW,-23.59105,-46.70355,0,2
SDJY,-23.57168,-46.64642,0,2
SDKB,-25.43820,-49.24064,0,2
SDKD,-23.61858,-46.70311,0,2
SDKG,-23.59367,-46.68848,0,2
SDKM,-23.56602,-46.66523,0,2
SDKN,-3.84473,-38.44263,0,2
SDKR,-22.37928,-47.32630,0,2
SDKS,-8.54991,-35.00715,0,2
SDKT,-23.58056,-46.68421,0,2
SDKV,-23.61480,-46.69682,0,2
SDKW,-23.41611,-47.10861,0,2
SDKY,-23.55822,-46.66892,0,2
SDLA,-23.34312,-44.66310,0,2
SDLB,-23.58119,-46.68272,0,2
SDLF,-23.47669,-46.77789,0,2
SDLJ,-19.25809,-44.47753,0,2
SDLQ,-23.78672,-45.57225,0,2
SDLS,-27.08368,-48.96479,0,2
SDLT,-23.03968,-46.98345,0,2
SDMB,-23.00182,-47.11687,0,2
SDML,-25.55840,-49.30364,0,2
SDMS,-23.01561,-44.28034,0,2
SDMT,-23.56189,-46.65483,0,2
SDMZ,-23.66328,-46.57918,0,2
SDNF,-20.16056,-43.92339,0,2
SDNG,-22.41862,-48.60043,0,2
SDNP,-23.54766,-46.63760,0,2
SDNR,-23.65208,-46.71382,0,2
SDNU,-22.90606,-43.17264,0,2
SDNX,-23.04207,-44.19215,0,2
SDOC,-23.57311,-46.64354,0,2
SDOF,-23.59504,-46.68570,0,2
SDOG,-23.99717,-46.20314,0,2
SDOH,-23.35082,-46.42570,0,2
SDOK,-23.23605,-46.86586,0,2
SDOM,-7.66588,-34.82995,0,2
SDON,-23.55153,-46.72227,0,2
SDOP,-22.89587,-47.19054,0,2
SDOT,-23.60237,-46.69357,0,2
SDOZ,-22.20735,-43.09635,0,2
SDPB,-20.53609,-47.38967,0,2
SDPF,-22.72698,-47.16772,0,2
SDPG,-22.94045,-43.18789,0,2
SDPK,-23.52805,-46.49494,0,2
SDPL,-23.59270,-46.64940,0,2
SDPM,-23.60019,-46.71299,0,2
SDPS,-23.67075,-46.53291,0,2
SDPT,-23.56026,-46.65928,0,2
SDPU,-22.76697,-43.11263,0,2
SDQI,-23.07409,-47.08670,0,2
SDQK,-22.74512,-43.45752,0,2
SDQO,-22.91720,-46.84583,0,2
SDQP,-23.57154,-46.64569,0,2
SDQR,-28.39858,-49.57690,0,2
SDQS,-23.60163,-46.69202,0,2
SDQV,-23.43280,-46.41059,0,2
SDQW,-23.32645,-46.12863,0,2
SDQY,-22.89125,-47.02836,0,2
SDRB,-23.55888,-46.66227,0,2
SDRE,-23.00798,-43.44695,0,2
SDRG,-25.39205,-49.15619,0,2
SDRI,-22.95733,-43.17615,0,2
SDRJ,-22.97111,-43.21645,0,2
SDRN,-23.57005,-46.69191,0,2
SDRO,-4.11172,-38.24802,0,2
SDSF,-27.57290,-48.53167,0,2
SDSL,-23.55716,-46.65425,0,2
SDSN,-23.59066,-46.68660,0,2
SDSO,-23.02297,-44.29005,0,2
SDSR,-23.65900,-47.10320,0,2
SDSU,-22.81219,-47.18735,0,2
SDSX,-23.52604,-46.74397,0,2
SDSZ,-23.55797,-46.65971,0,2
SDTC,-23.60259,-46.66057,0,2
SDTG,-23.59307,-46.68662,0,2
SDTL,-19.91441,-43.93774,0,2
SDTM,-23.49326,-46.85277,0,2
SDTN,-23.60803,-46.69670,0,2
SDTQ,-23.93690,-46.32190,0,2
SDTT,-29.36152,-50.85310,0,2
SDTU,-23.63631,-46.64191,0,2
SDUH,-22.74377,-45.56312,0,2
SDUI,-23.51362,-46.69462,0,2
SDUJ,-23.58312,-46.68337,0,2
SDUO,-14.91172,-40.87010,0,2
SDUP,-23.54789,-46.63598,0,2
SDUP,-22.94965,-44.07517,0,2
SDUV,-20.17748,-40.23239,0,2
SDUW,-21.64318,-46.34542,0,2
SDUX,-27.10694,-48.90713,0,2
SDUZ,-23.17887,-45.47150,0,2
SDVB,-23.43583,-47.41441,0,2
SDVC,-8.91782,-35.16491,0,2
SDVD,-22.41093,-43.14862,0,2
SDVN,-22.68944,-45.55265,0,2
SDVR,-23.58660,-46.68191,0,2
SDVU,-23.56350,-46.65280,0,2
SDVW,-23.05684,-45.63209,0,2
SDWA,-23.04178,-44.19357,0,2
SDWB,-23.56622,-46.65177,0,2
SDWP,-22.95776,-44.33808,0,2
SDWS,-23.50283,-46.91937,0,2
SDWT,-23.60916,-46.69617,0,2
SDWW,-26.72570,-49.06597,0,2
SDWY,-29.69178,-53.80610,0,2
SDXG,-11.76382,-63.02176,0,2
SDXH,-23.25147,-47.32687,0,2
SDXL,-22.03763,-42.33709,0,2
SDXN,-26.63458,-48.70067,0,2
SDXP,-23.42408,-46.02015,0,2
SDXQ,-23.59129,-46.68226,0,2
SDXV,-23.11765,-46.99259,0,2
SDXX,-22.51021,-44.74842,0,2
SDYA,-23.59668,-46.68554,0,2
SDYC,-22.77540,-41.90216,0,2
SDYD,-23.03993,-44.19643,0,2
SDYH,-22.92959,-47.08327,0,2
SDYM,-19.92702,-43.95768,0,2
SDYO,-23.55374,-46.46145,0,2
SDYP,-22.98591,-46.33440,0,2
SDYR,-23.59967,-46.69989,0,2
SDYU,-28.29907,-49.92248,0,2
SDYV,-23.60372,-46.64819,0,2
SDYY,-2.49859,-44.28473,0,2
SDYZ,-23.56917,-46.60138,0,2
SDZA,-15.83074,-47.86634,0,2
SDZB,-23.98570,-46.28445,0,2
SDZD,-23.42522,-47.36187,0,2
SDZE,-23.70139,-46.81778,0,2
SDZJ,-15.28389,-43.83111,0,2
SDZM,-23.03376,-46.73358,0,2
SDZR,-23.56379,-46.65457,0,2
SDZT,-23.49717,-46.84741,0,2
SHAE,-33.43984,-70.83165,0,2
SHAL,-33.72553,-70.93030,0,2
SHIN,-33.42086,-70.61793,0,2
SHSM,-33.42308,-70.62225,0,2
SI3S,-26.44121,-49.05925,0,2
SIAA,-23.39527,-46.63892,0,2
SIAE,-22.78609,-45.17077,0,2
SIAF,-7.90967,-35.04838,0,2
SIAH,-3.91308,-38.43479,0,2
SIAK,-30.03019,-51.22048,0,2
SIAL,-8.43433,-34.98207,0,2
SIAM,-3.03251,-59.96405,0,2
SIAT,-12.74009,-38.60051,0,2
SIAV,-23.56479,-46.83026,0,2
SIBB,-23.56444,-46.65213,0,2
SIBE,-3.71907,-38.53181,0,2
SIBG,-23.56443,-46.65580,0,2
SIBH,-23.54673,-46.73717,0,2
SIBL,-1.43754,-48.45861,0,2
SIBM,-23.61705,-46.58058,0,2
SIBR,-21.21180,-47.81799,0,2
SIBS,-23.51191,-46.71025,0,2
SIBT,-22.73230,-47.28616,0,2
SICC,-22.38889,-47.28438,0,2
SICD,-21.57853,-41.44626,0,2
SICE,-2.53519,-44.29983,0,2
SICG,-23.52077,-46.76296,0,2
SICH,-22.71775,-45.57775,0,2
SICL,-22.98517,-44.43883,0,2
SICO,-19.93749,-40.41156,0,2
SICT,-22.99671,-47.10637,0,2
SICV,-24.00057,-46.29357,0,2
SICX,-12.98396,-38.45350,0,2
SICZ,-23.57331,-46.65541,0,2
SIDC,-23.22137,-44.78428,0,2
SIDD,-9.37938,-35.50823,0,2
SIDE,-23.51136,-46.70435,0,2
SIDH,-23.48523,-46.86454,0,2
SIDI,-19.82946,-43.63036,0,2
SIDL,-23.55575,-46.62488,0,2
SIDP,-22.38822,-41.85576,0,2
SIDQ,-23.01647,-44.29111,0,2
SIDT,-22.90960,-43.17935,0,2
SIDU,-22.88011,-43.25496,0,2
SIDX,-23.05046,-47.39625,0,2
SIEE,-23.78447,-46.59654,0,2
SIEI,-12.83923,-38.42634,0,2
SIER,-22.63290,-47.68690,0,2
SIES,-23.76889,-45.63324,0,2
SIET,-23.95541,-46.18973,0,2
SIEU,-22.37339,-48.69307,0,2
SIEY,-19.95372,-43.91267,0,2
SIFB,-23.22355,-44.68536,0,2
SIFG,-19.93526,-43.92436,0,2
SIFI,-3.09299,-60.02074,0,2
SIFK,-22.50803,-43.19375,0,2
SIFL,-27.59212,-48.49304,0,2
SIFP,-24.52466,-47.85062,0,2
SIFR,-21.28485,-47.75754,0,2
SIFY,-25.57252,-49.15237,0,2
SIFZ,-23.57776,-46.69434,0,2
SIGB,-28.04295,-48.62569,0,2
SIGC,-24.97571,-47.94540,0,2
SIGD,-19.19047,-40.63063,0,2
SIGH,-26.39279,-50.16476,0,2
SIGI,-22.87913,-42.13137,0,2
SIGK,-23.44680,-46.44452,0,2
SIGM,-23.29884,-47.28767,0,2
SIGO,-23.57357,-46.64182,0,2
SIGP,-22.90928,-43.18195,0,2
SIGQ,-22.49961,-44.08164,0,2
SIGR,-8.19080,-35.51747,0,2
SIGV,-23.52375,-46.66254,0,2
SIGZ,-23.61685,-46.69889,0,2
SIH4,-26.47774,-49.05419,0,2
SIHC,-20.29353,-40.31249,0,2
SIHD,-23.59842,-46.62237,0,2
SIHE,-25.55424,-48.55767,0,2
SIHF,-16.70942,-49.23574,0,2
SIHG,-16.06362,-47.99888,0,2
SIHH,-22.77010,-41.88275,0,2
SIHJ,-10.44240,-62.44832,0,2
SIHK,-23.56903,-46.64563,0,2
SIHL,-22.97975,-43.40944,0,2
SIHM,-3.81094,-38.43424,0,2
SIHN,-27.00564,-48.62062,0,2
SIHO,-23.28417,-47.29089,0,2
SIHQ,-15.82927,-48.02886,0,2
SIHR,-20.50309,-40.37339,0,2
SIHS,-23.56984,-46.69308,0,2
SIHT,-23.00212,-44.35317,0,2
SIHX,-3.81150,-38.43887,0,2
SIHY,-22.74691,-45.55560,0,2
SIHZ,-8.43185,-34.98136,0,2
SIIB,-22.77402,-41.88990,0,2
SIIF,-21.32901,-50.95097,0,2
SIIH,-23.56661,-46.68638,0,2
SIIL,-12.98923,-38.44865,0,2
SIIM,-26.48227,-49.06397,0,2
SIIO,-23.00513,-44.46575,0,2
SIIQ,-22.73499,-45.60677,0,2
SIIR,-23.58398,-46.67556,0,2
SIIV,-27.08918,-48.91511,0,2
SIIW,-23.45405,-46.87001,0,2
SIIX,-23.19537,-46.09479,0,2
SIIY,-15.79281,-47.89390,0,2
SIJB,-10.18505,-48.33756,0,2
SIJC,-22.58292,-47.03400,0,2
SIJD,-23.64364,-46.71796,0,2
SIJF,-23.58599,-46.68343,0,2
SIJI,-23.18234,-45.81729,0,2
SIJP,-22.90229,-43.17425,0,2
SIJT,-21.75011,-41.30311,0,2
SIJX,-23.59140,-46.68171,0,2
SIKB,-27.08295,-48.92553,0,2
SIKC,-23.29916,-46.59674,0,2
SIKD,-23.57350,-46.70448,0,2
SIKF,-23.57668,-46.68665,0,2
SIKG,-24.19812,-48.64283,0,2
SIKH,-23.08537,-47.18298,0,2
SIKL,-16.70964,-49.23870,0,2
SIKV,-16.60818,-49.19187,0,2
SILE,-8.57943,-35.12816,0,2
SILF,-23.58785,-46.68034,0,2
SILH,-22.86292,-43.74837,0,2
SILK,-23.51268,-46.67183,0,2
SILM,-27.37797,-48.53078,0,2
SILP,-23.15219,-47.26741,0,2
SILR,-23.59511,-46.68449,0,2
SILW,-8.21984,-35.54486,0,2
SILX,-23.47146,-46.48348,0,2
SIMC,-22.80878,-50.99493,0,2
SIMD,-23.58444,-46.76722,0,2
SIMD,-23.58264,-46.67479,0,2
SIMH,-22.83404,-47.19336,0,2
SIMI,-23.76823,-45.40302,0,2
SIMM,-23.58743,-46.67217,0,2
SIMS,-1.46086,-48.44832,0,2
SIMT,-23.92536,-46.46168,0,2
SINB,-23.82950,-45.38857,0,2
SIND,-21.89246,-45.59596,0,2
SINE,-23.52446,-46.33019,0,2
SINF,-20.23076,-40.27698,0,2
SINL,-27.46416,-48.38303,0,2
SINO,-27.09625,-48.91405,0,2
SINW,-21.57258,-47.91381,0,2
SINX,-20.10894,-43.93881,0,2
SINY,-8.15984,-36.19688,0,2
SIOD,-23.52937,-46.74413,0,2
SIOF,-23.97883,-46.30886,0,2
SIOH,-21.19476,-44.94148,0,2
SION,-4.25136,-38.95159,0,2
SIOW,-23.56955,-46.64340,0,2
SIOX,-23.33550,-51.17681,0,2
SIOY,-21.88865,-43.17421,0,2
SIPC,-27.09371,-48.60469,0,2
SIPD,-22.90239,-47.04832,0,2
SIPI,-23.49813,-46.86232,0,2
SIPQ,-8.25533,-34.94809,0,2
SIPS,-19.65930,-44.14759,0,2
SIPT,-22.73179,-47.13778,0,2
SIPX,-22.90775,-47.00426,0,2
SIPZ,-23.67636,-46.61820,0,2
SIQB,-23.02434,-44.34281,0,2
SIQL,-11.44167,-61.48083,0,2
SIQM,-23.62499,-46.70182,0,2
SIQN,-4.04389,-38.32778,0,2
SIQP,-7.04201,-47.44248,0,2
SIQT,-22.97717,-46.70386,0,2
SIRE,-19.26607,-44.52217,0,2
SIRK,-19.92576,-43.93134,0,2
SIRL,-19.98247,-48.26489,0,2
SIRU,-21.19967,-47.80756,0,2
SIRY,-23.46583,-46.58187,0,2
SIRZ,-23.56942,-46.69119,0,2
SISB,-23.00388,-47.08821,0,2
SISC,-19.95732,-47.76884,0,2
SISE,-28.44260,-52.81514,0,2
SISF,-16.63107,-49.20073,0,2
SISI,-22.32471,-49.07504,0,2
SISP,-23.15777,-46.66261,0,2
SISQ,-26.30641,-48.93343,0,2
SIST,-25.68361,-48.46028,0,2
SITD,-1.43993,-48.48154,0,2
SITE,-23.56628,-46.64261,0,2
SITG,-22.89389,-43.21505,0,2
SITK,-23.46737,-46.48592,0,2
SITO,-23.59820,-46.69023,0,2
SITP,-23.60236,-47.27331,0,2
SITQ,-23.62030,-46.69907,0,2
SITW,-11.24889,-37.33639,0,2
SITY,-23.06837,-46.82670,0,2
SIUD,-23.53852,-46.60756,0,2
SIUE,-8.36323,-35.00894,0,2
SIUI,-21.78100,-43.36132,0,2
SIUJ,-23.22004,-45.91061,0,2
SIUK,-12.85716,-38.31700,0,2
SIUN,-22.89103,-43.84366,0,2
SIUP,-25.38924,-50.54373,0,2
SIUT,-12.96253,-38.43611,0,2
SIUX,-22.96483,-47.32064,0,2
SIVA,-23.01376,-44.26732,0,2
SIVB,-19.98544,-43.96512,0,2
SIVC,-23.61090,-47.00061,0,2
SIVI,-22.91266,-47.06418,0,2
SIVL,-3.86549,-38.59273,0,2
SIVM,-20.90054,-49.78669,0,2
SIVS,-22.75085,-45.55379,0,2
SIVT,-22.84247,-43.76361,0,2
SIVX,-23.53054,-47.26595,0,2
SIWG,-22.64178,-46.81278,0,2
SIWI,-1.33853,-48.31873,0,2
SIWJ,-23.96364,-46.33152,0,2
SIWL,-27.19060,-48.50565,0,2
SIWM,-23.51128,-47.57774,0,2
SIWP,-27.13143,-48.60008,0,2
SIWW,-23.76547,-45.34771,0,2
SIXC,-23.51055,-46.69293,0,2
SIXH,-26.28889,-48.84556,0,2
SIXN,-14.37783,-39.01110,0,2
SIXQ,-12.67360,-38.27346,0,2
SIXR,-23.55356,-47.35709,0,2
SIXS,-23.62703,-46.70250,0,2
SIXW,-23.20961,-49.11384,0,2
SIXY,-26.47328,-48.99011,0,2
SIYB,-22.91096,-47.05522,0,2
SIYC,-12.85926,-38.31705,0,2
SIYG,-3.71923,-38.47405,0,2
SIYJ,-8.06669,-34.90127,0,2
SIYL,-22.85303,-45.23774,0,2
SIYQ,-22.91064,-43.18618,0,2
SIYT,-23.58122,-46.67941,0,2
SIYU,-23.60213,-46.69250,0,2
SIYV,-22.99698,-43.34655,0,2
SIYY,-11.00220,-39.29462,0,2
SIYZ,-23.61150,-46.69469,0,2
SIZB,-22.42498,-42.98018,0,2
SIZE,-22.99665,-47.12359,0,2
SIZJ,-20.97952,-48.44718,0,2
SIZT,-23.52369,-47.08803,0,2
SIZV,-19.96001,-44.11784,0,2
SIZW,-25.51422,-49.13127,0,2
SIZY,-22.69596,-47.56185,0,2
SIZZ,-23.12825,-47.00329,0,2
SJAB,-25.69278,-54.43266,0,2
SJAD,-22.75704,-45.10931,0,2
SJAE,-20.20116,-40.22818,0,2
SJAG,-22.27330,-47.30798,0,2
SJAJ,-25.43889,-49.26775,0,2
SJAM,-23.24858,-46.57109,0,2
SJAN,-23.65423,-46.72583,0,2
SJAO,-23.40366,-46.83112,0,2
SJAP,-22.91418,-46.98493,0,2
SJAT,-22.88689,-46.87142,0,2
SJAX,-25.53697,-49.17934,0,2
SJAY,-2.47004,-44.17380,0,2
SJBD,-12.97959,-38.46134,0,2
SJBE,-23.43884,-46.72439,0,2
SJBG,-23.59018,-46.68207,0,2
SJBI,-22.44025,-47.69845,0,2
SJBJ,-23.61303,-46.85147,0,2
SJBL,-22.33060,-47.48902,0,2
SJBM,-23.36118,-47.56871,0,2
SJBO,-23.62722,-46.70182,0,2
SJBP,-23.59553,-46.68755,0,2
SJBQ,-19.67596,-46.90411,0,2
SJBR,-8.58004,-35.03970,0,2
SJBS,-23.21136,-45.90041,0,2
SJBV,-25.45736,-49.46465,0,2
SJCB,-23.51353,-46.73410,0,2
SJCE,-22.66018,-43.15841,0,2
SJCG,-22.97796,-44.43367,0,2
SJCI,-23.19497,-45.87455,0,2
SJCK,-21.24783,-48.81020,0,2
SJCL,-21.61638,-46.87523,0,2
SJCO,-23.43087,-47.11177,0,2
SJCV,-22.86497,-46.03673,0,2
SJCX,-19.81840,-43.94756,0,2
SJDA,-23.01406,-43.50024,0,2
SJDH,-22.42851,-43.08654,0,2
SJDK,-20.88467,-51.36928,0,2
SJDO,-23.82192,-45.37128,0,2
SJDQ,-22.89775,-47.04680,0,2
SJDR,-26.48675,-49.06477,0,2
SJEB,-23.59296,-46.68965,0,2
SJED,-3.84201,-38.59982,0,2
SJEI,-23.55261,-46.66153,0,2
SJEM,-2.49317,-44.27472,0,2
SJEO,-21.15239,-53.28150,0,2
SJEP,-20.50878,-48.59987,0,2
SJES,-23.45801,-46.47169,0,2
SJET,-26.79307,-48.67108,0,2
SJEY,-23.51879,-46.96081,0,2
SJEZ,-9.65980,-35.74065,0,2
SJFC,-23.55805,-46.65209,0,2
SJFD,-22.89932,-43.28170,0,2
SJFE,-16.70573,-39.10936,0,2
SJFH,-20.41253,-48.21721,0,2
SJFS,-3.73450,-38.53124,0,2
SJFZ,2.83989,-60.65190,0,2
SJGG,-23.00186,-43.50477,0,2
SJGK,-22.99516,-43.54823,0,2
SJGM,-23.57537,-46.69588,0,2
SJGO,-22.97150,-43.36274,0,2
SJGP,-23.89850,-46.30415,0,2
SJGQ,-22.57399,-44.96913,0,2
SJGS,-25.25694,-49.14361,0,2
SJGX,-19.45521,-44.37619,0,2
SJHA,-23.34114,-51.16327,0,2
SJHB,-8.06417,-34.89809,0,2
SJHC,-22.87205,-42.01146,0,2
SJHI,-22.75023,-45.53269,0,2
SJHL,-5.36278,-49.06889,0,2
SJHR,-2.52037,-44.13734,0,2
SJIA,-14.15399,-39.70035,0,2
SJIB,-14.82404,-39.32026,0,2
SJIE,-20.32717,-40.26917,0,2
SJIG,-21.20629,-47.81056,0,2
SJIH,-22.59885,-47.88108,0,2
SJIM,-21.73694,-43.36438,0,2
SJIO,-2.49089,-44.30306,0,2
SJIQ,-22.89150,-47.30937,0,2
SJIW,-23.47526,-46.82851,0,2
SJIX,-23.23088,-44.71548,0,2
SJJA,-12.65205,-41.49056,0,2
SJJE,-13.84064,-40.10363,0,2
SJJP,-24.25660,-47.37892,0,2
SJJS,-25.46145,-49.10268,0,2
SJJY,-23.90878,-45.30919,0,2
SJKD,-27.02647,-48.62099,0,2
SJKF,-23.50894,-47.58247,0,2
SJKR,-27.14435,-48.59221,0,2
SJKY,-23.95224,-46.32536,0,2
SJLR,-25.24692,-49.91820,0,2
SJLY,-20.04722,-43.96235,0,2
SJMB,-23.01638,-44.28900,0,2
SJMC,-23.49318,-46.85197,0,2
SJMG,-23.53590,-46.61859,0,2
SJMS,-14.57483,-49.96799,0,2
SJNN,-23.88844,-46.17210,0,2
SJNS,-23.53463,-46.54434,0,2
SJNT,-24.00290,-46.28909,0,2
SJNY,-12.54964,-37.99077,0,2
SJOB,-12.98772,-38.45092,0,2
SJOC,-12.97940,-38.45243,0,2
SJOE,-23.24675,-47.42484,0,2
SJOI,-23.09558,-47.22339,0,2
SJON,-23.35477,-46.85470,0,2
SJOQ,-22.46832,-46.71793,0,2
SJOS,-16.64770,-49.20871,0,2
SJOV,-24.14942,-48.34007,0,2
SJOZ,-23.58863,-46.68272,0,2
SJPA,-8.74947,-63.91035,0,2
SJPB,-23.78757,-46.78160,0,2
SJPD,-8.25620,-35.77227,0,2
SJPF,-25.51647,-54.57398,0,2
SJPG,-16.70446,-49.25815,0,2
SJPJ,-23.17132,-46.90042,0,2
SJPM,-22.87077,-43.13554,0,2
SJPN,-22.40107,-41.87566,0,2
SJPQ,-23.79859,-45.39999,0,2
SJPV,-10.95026,-37.06488,0,2
SJPY,-16.48540,-39.06810,0,2
SJPZ,-3.10139,-45.01278,0,2
SJQC,-23.97023,-46.18743,0,2
SJQE,-5.18151,-39.26171,0,2
SJQG,-25.50307,-49.28057,0,2
SJQH,-23.73316,-46.57794,0,2
SJQM,-3.65094,-45.20287,0,2
SJQR,-7.84615,-34.84879,0,2
SJQW,-28.18185,-53.22464,0,2
SJQY,-3.94424,-63.16365,0,2
SJRA,-3.71075,-61.66262,0,2
SJRD,-23.04059,-44.39224,0,2
SJRE,-23.05032,-47.39017,0,2
SJRL,-25.58256,-49.39698,0,2
SJRM,-23.66562,-46.52096,0,2
SJRN,-30.03204,-51.17848,0,2
SJRQ,-23.53395,-46.68839,0,2
SJRX,-24.02950,-46.49574,0,2
SJRZ,-23.60460,-46.69405,0,2
SJSD,-16.05601,-43.12979,0,2
SJSG,-8.97816,-36.07010,0,2
SJSI,-23.51498,-46.73844,0,2
SJSL,-23.55722,-46.65303,0,2
SJSP,-23.24370,-44.59599,0,2
SJSQ,-22.47167,-43.15554,0,2
SJST,-25.60396,-49.29372,0,2
SJSW,-23.20526,-45.90798,0,2
SJSY,-22.88418,-43.73506,0,2
SJSZ,-23.51688,-46.17899,0,2
SJTA,-27.45596,-48.46135,0,2
SJTD,-23.59095,-46.68505,0,2
SJTI,-4.14062,-38.48840,0,2
SJTV,-23.62856,-46.73657,0,2
SJTX,-3.73149,-45.27338,0,2
SJTY,-23.56411,-46.65581,0,2
SJUE,-23.53498,-46.87536,0,2
SJUF,0.85617,-51.88999,0,2
SJUG,-23.05977,-46.65296,0,2
SJUM,-27.41455,-49.60165,0,2
SJUP,-26.88093,-49.13882,0,2
SJUT,-25.19543,-49.31923,0,2
SJUW,-22.85778,-47.04514,0,2
SJUX,-22.47623,-43.85160,0,2
SJUY,-22.48849,-41.93528,0,2
SJUZ,-22.92092,-46.79168,0,2
SJVC,-23.51251,-46.66723,0,2
SJVE,-22.74333,-45.54410,0,2
SJVH,-3.72960,-38.50128,0,2
SJVJ,-23.37465,-46.02247,0,2
SJVT,-16.60000,-39.09694,0,2
SJWC,-23.51692,-46.57911,0,2
SJWD,-22.99339,-44.09664,0,2
SJWF,-21.64749,-41.02408,0,2
SJWJ,-23.66993,-46.70318,0,2
SJWK,-3.74085,-38.50928,0,2
SJWM,-23.21441,-45.90929,0,2
SJWN,-29.16471,-51.20081,0,2
SJWR,-23.03424,-44.20179,0,2
SJWS,-23.76674,-45.40543,0,2
SJWU,-2.65864,-44.30121,0,2
SJWY,-15.91169,-47.97179,0,2
SJWZ,-23.59377,-46.69039,0,2
SJXD,-20.64016,-46.00529,0,2
SJXK,-23.57342,-46.69771,0,2
SJXL,-5.05783,-42.81584,0,2
SJXN,-19.96164,-44.07180,0,2
SJXP,-23.61117,-46.69456,0,2
SJXQ,-22.81496,-43.28423,0,2
SJXR,-24.00990,-46.41763,0,2
SJXT,-23.12133,-44.19289,0,2
SJYA,-26.79943,-48.61300,0,2
SJYB,-23.41087,-46.67012,0,2
SJYN,-23.50269,-46.84182,0,2
SJYV,-24.51721,-48.85020,0,2
SJYX,-25.57185,-53.12316,0,2
SJZI,-23.95830,-46.33076,0,2
SJZJ,-22.69825,-45.52959,0,2
SJZK,-22.96014,-43.40596,0,2
SJZU,-23.58404,-46.68388,0,2
SJZV,-23.29888,-47.29563,0,2
SJZY,-23.50036,-46.84880,0,2
SNAK,-6.07756,-50.07417,0,2
SNAQ,-23.15473,-46.78016,0,2
SNAW,-15.79066,-47.87904,0,2
SNAZ,-23.49279,-46.84977,0,2
SNBB,-25.34694,-49.05722,0,2
SNBH,-19.98147,-43.94490,0,2
SNBK,-22.73842,-45.54004,0,2
SNBP,-20.34320,-40.28983,0,2
SNBQ,-23.55394,-46.65853,0,2
SNBU,-19.35947,-44.05676,0,2
SNBV,-7.94827,-36.21911,0,2
SNBY,-19.92032,-43.92083,0,2
SNCD,-7.66318,-34.83786,0,2
SNCH,-23.65764,-45.49810,0,2
SNCN,-15.79567,-47.89368,0,2
SNCR,-19.96298,-43.95545,0,2
SNCU,-5.35385,-35.35933,0,2
SNDE,-22.90852,-43.17997,0,2
SNDK,-23.55772,-46.61546,0,2
SNDL,-3.34582,-39.12631,0,2
SNDM,-23.44031,-46.43525,0,2
SNDN,-12.94399,-38.42576,0,2
SNDO,-3.81792,-38.46054,0,2
SNDY,-26.25946,-49.51042,0,2
SNEF,-23.19153,-44.64626,0,2
SNEH,-22.99285,-43.37318,0,2
SNEM,-12.79559,-38.64368,0,2
SNEN,-8.08396,-34.88627,0,2
SNEO,-21.21899,-47.80445,0,2
SNEQ,-22.91315,-43.22312,0,2
SNER,-8.06213,-34.96390,0,2
SNEV,-27.14894,-48.95694,0,2
SNFD,-22.97010,-44.44456,0,2
SNFK,-20.75873,-47.86325,0,2
SNGC,-22.86642,-47.02198,0,2
SNGE,-8.06223,-34.90228,0,2
SNGF,-8.19117,-35.50253,0,2
SNGL,-23.33245,-47.56007,0,2
SNGZ,-23.34032,-46.84398,0,2
SNHA,-2.48499,-44.25117,0,2
SNHB,-3.40209,-39.01174,0,2
SNHF,-15.77405,-47.81700,0,2
SNHH,-22.43097,-45.48061,0,2
SNHI,-5.12707,-36.38140,0,2
SNHL,-23.39327,-46.32232,0,2
SNHN,-19.89095,-44.05518,0,2
SNHO,-21.11072,-48.96264,0,2
SNHQ,-16.65510,-49.24903,0,2
SNHT,-21.78030,-46.59762,0,2
SNHV,-23.38890,-46.40949,0,2
SNHY,-8.06714,-34.89529,0,2
SNHZ,-3.09277,-60.06021,0,2
SNIA,-23.39421,-46.35447,0,2
SNID,-23.55627,-46.66808,0,2
SNIM,-27.17581,-51.51626,0,2
SNIQ,-17.17770,-46.87899,0,2
SNJS,-23.54181,-46.23139,0,2
SNJT,-23.02919,-45.57893,0,2
SNJX,-21.78102,-43.36488,0,2
SNJZ,-23.01561,-43.29569,0,2
SNKA,-23.25402,-48.90751,0,2
SNKG,-20.15182,-44.14428,0,2
SNKL,-23.53225,-47.46555,0,2
SNKM,-25.44028,-49.39194,0,2
SNKW,-4.25742,-38.94276,0,2
SNLH,-23.03806,-44.34194,0,2
SNLP,-23.95450,-46.20183,0,2
SNLR,-23.53147,-46.57230,0,2
SNLS,-15.93060,-48.92549,0,2
SNLU,-11.90472,-61.79278,0,2
SNLX,-9.70320,-35.80071,0,2
SNMG,-3.76653,-38.48602,0,2
SNMO,-22.71905,-45.61590,0,2
SNMQ,-26.31698,-48.86621,0,2
SNMT,-23.91658,-45.45542,0,2
SNMY,-23.48506,-46.85692,0,2
SNNA,-23.55915,-47.19972,0,2
SNNA,-1.56304,-48.73750,0,2
SNND,-22.74191,-43.62204,0,2
SNNI,-23.72839,-46.88593,0,2
SNNJ,-25.00794,-47.92493,0,2
SNNT,-8.17294,-35.63822,0,2
SNNZ,-27.14220,-48.59193,0,2
SNON,-22.93917,-47.07111,0,2
SNOO,-19.94584,-43.95699,0,2
SNPH,-23.44492,-46.75709,0,2
SNPK,-26.82154,-49.14675,0,2
SNPP,-23.50321,-45.12595,0,2
SNPR,-8.19081,-35.61564,0,2
SNQC,-23.56105,-46.65089,0,2
SNQF,-3.22084,-39.26176,0,2
SNQH,-23.71514,-46.56711,0,2
SNQK,-8.43724,-34.98333,0,2
SNQL,-22.86455,-43.34170,0,2
SNQY,-21.22443,-47.79560,0,2
SNRE,-23.47214,-46.43262,0,2
SNRF,-23.17579,-46.93854,0,2
SNRG,-22.95610,-43.19161,0,2
SNRI,-23.79805,-46.05622,0,2
SNRL,-22.75911,-47.32590,0,2
SNRR,-7.92031,-34.89116,0,2
SNRY,-19.97286,-43.93505,0,2
SNSB,-22.91492,-43.66880,0,2
SNSD,-19.92748,-43.92238,0,2
SNSN,-12.86988,-38.36559,0,2
SNSQ,-23.61028,-46.69658,0,2
SNSX,-5.04225,-37.77858,0,2
SNTE,-23.34277,-47.30609,0,2
SNTH,-3.21165,-45.03340,0,2
SNTJ,-27.00997,-48.62408,0,2
SNTN,-23.48490,-46.85597,0,2
SNTT,-23.65695,-52.53949,0,2
SNTZ,-27.11048,-52.61598,0,2
SNUO,-22.90192,-43.18274,0,2
SNUQ,-11.11639,-62.36111,0,2
SNUR,-3.75372,-38.49061,0,2
SNVE,-22.27087,-43.14095,0,2
SNVF,-22.89959,-43.22369,0,2
SNVO,-23.53314,-46.60405,0,2
SNVT,-23.61558,-46.54689,0,2
SNVW,-22.99825,-43.30946,0,2
SNVX,-27.54234,-48.62460,0,2
SNWN,-8.11165,-34.89285,0,2
SNWT,-23.05857,-45.60636,0,2
SNWV,-19.72545,-44.39532,0,2
SNWW,-23.59050,-46.25864,0,2
SNWY,-20.32181,-40.35320,0,2
SNXD,-20.53846,-43.75670,0,2
SNXF,-16.08035,-47.51847,0,2
SNXJ,-23.58914,-46.67556,0,2
SNXL,-19.99733,-44.17910,0,2
SNXO,-22.28512,-46.85111,0,2
SNYC,-22.90958,-43.20264,0,2
SNYG,-3.82539,-38.47142,0,2
SNYI,-16.61588,-48.79304,0,2
SNYM,-26.51798,-49.12725,0,2
SNYN,-21.22836,-50.43707,0,2
SNYQ,-22.83904,-47.03468,0,2
SNZI,-23.05995,-47.15999,0,2
SNZJ,-21.80495,-48.17364,0,2
SNZM,-8.08975,-34.88186,0,2
SPMA,-14.68186,-75.13429,0,2
SPPP,-14.14418,-75.64595,0,2
SS9L,-26.41163,-49.10967,0,2
SSAA,-19.92184,-43.91953,0,2
SSAJ,-16.20698,-41.47161,0,2
SSAL,-30.02832,-51.20411,0,2
SSAR,-22.42720,-43.21693,0,2
SSAS,-22.91181,-43.17627,0,2
SSAW,-23.50321,-46.84874,0,2
SSAX,-22.10043,-41.78211,0,2
SSBH,-23.60111,-46.69212,0,2
SSBO,-27.61434,-48.52832,0,2
SSBP,-25.43091,-49.31540,0,2
SSCS,-23.59579,-46.68401,0,2
SSCY,-25.43853,-49.44819,0,2
SSCZ,-26.92398,-49.06624,0,2
SSDA,-23.74143,-45.40423,0,2
SSDB,-14.12117,-39.82938,0,2
SSDJ,-3.74543,-38.49980,0,2
SSDR,-22.96547,-43.19038,0,2
SSEJ,-23.62606,-46.84557,0,2
SSEY,-14.53005,-39.86318,0,2
SSFF,-27.37600,-49.83053,0,2
SSFR,-23.48404,-46.85666,0,2
SSFT,-26.53607,-49.12638,0,2
SSFY,-25.47328,-54.54206,0,2
SSGD,-21.21891,-47.80496,0,2
SSGI,-3.72664,-38.50456,0,2
SSGV,-23.55683,-47.47783,0,2
SSHH,-25.60894,-54.49387,0,2
SSHI,-25.44232,-49.26146,0,2
SSHJ,-23.53400,-46.78228,0,2
SSHM,-30.02650,-51.20906,0,2
SSHO,-7.12611,-34.94667,0,2
SSHP,-22.82530,-43.34742,0,2
SSHR,-26.33194,-48.84804,0,2
SSHS,-25.61293,-54.48152,0,2
SSIB,-10.51694,-40.14611,0,2
SSID,-3.66833,-38.85028,0,2
SSIG,-25.63333,-49.16114,0,2
SSII,-16.40634,-48.91628,0,2
SSIK,-23.46567,-46.85794,0,2
SSIL,-23.59825,-46.89786,0,2
SSIN,-23.21678,-44.63314,0,2
SSIP,-26.84762,-49.26759,0,2
SSIU,-28.70204,-49.30313,0,2
SSIV,-2.47772,-44.18373,0,2
SSIW,-12.87472,-38.31655,0,2
SSIZ,-23.05928,-47.06239,0,2
SSJD,-27.00763,-48.61053,0,2
SSJE,-27.58722,-48.61154,0,2
SSJF,-25.37614,-49.22772,0,2
SSJH,-22.66454,-43.49195,0,2
SSJN,-22.97026,-46.68026,0,2
SSJT,-23.78666,-45.58678,0,2
SSKL,-23.59152,-46.68284,0,2
SSKV,-22.53395,-44.07690,0,2
SSLC,-25.27428,-54.06733,0,2
SSLE,-20.59533,-51.61393,0,2
SSLH,-23.65201,-46.31480,0,2
SSLU,-25.43978,-49.34240,0,2
SSLY,-22.90198,-47.04691,0,2
SSLZ,-23.50637,-47.58494,0,2
SSMA,-21.20149,-47.79625,0,2
SSMD,-12.76341,-38.64376,0,2
SSMG,-23.95694,-46.33120,0,2
SSMM,-6.10374,-40.28448,0,2
SSMN,-16.70499,-49.24096,0,2
SSMQ,-22.69049,-46.68043,0,2
SSMS,-19.86581,-44.03073,0,2
SSMU,-29.94792,-51.10516,0,2
SSNL,-16.58545,-48.72091,0,2
SSNM,-25.38191,-49.13807,0,2
SSNX,-22.21273,-47.73751,0,2
SSOA,-23.59120,-46.68074,0,2
SSOB,-23.04904,-47.16773,0,2
SSOF,-25.50789,-49.33218,0,2
SSOV,-23.49267,-46.84802,0,2
SSPK,-23.43093,-46.58538,0,2
SSPQ,-23.47023,-46.61940,0,2
SSPX,-23.46247,-51.99389,0,2
SSQB,-22.12323,-46.79746,0,2
SSQE,-23.56797,-46.70825,0,2
SSQF,-11.82772,-37.63620,0,2
SSQG,-23.54561,-46.63383,0,2
SSQH,-19.92805,-43.94962,0,2
SSQV,-23.53619,-46.55953,0,2
SSQW,-22.93596,-47.07238,0,2
SSQX,-23.55390,-46.65274,0,2
SSRD,-23.90429,-46.19041,0,2
SSRH,-19.53446,-44.02112,0,2
SSRI,-12.76657,-38.64998,0,2
SSRN,-19.95249,-43.91847,0,2
SSRQ,-23.96065,-46.18257,0,2
SSRT,-21.53712,-48.50451,0,2
SSRX,-22.81400,-43.81096,0,2
SSSE,-25.57685,-49.39432,0,2
SSSJ,-1.43770,-48.46869,0,2
SSSL,-22.98424,-44.35429,0,2
SSSN,-21.79953,-41.01940,0,2
SSSO,-12.33627,-38.84331,0,2
SSSX,-3.26561,-45.18189,0,2
SSTC,-29.87943,-51.37969,0,2
SSTG,-16.54091,-49.40735,0,2
SSTH,-7.83995,-38.10767,0,2
SSTI,-22.26795,-43.00245,0,2
SSTO,-23.57994,-46.64943,0,2
SSTR,-22.48643,-46.98828,0,2
SSTT,-8.07485,-34.90532,0,2
SSUB,-23.47851,-46.78104,0,2
SSUE,-21.21029,-47.77018,0,2
SSUG,-29.95492,-51.17381,0,2
SSUJ,-23.60761,-47.26370,0,2
SSUN,-23.47061,-46.44719,0,2
SSUO,-23.40910,-46.33077,0,2
SSUP,-8.05236,-34.89796,0,2
SSUU,-20.21221,-49.61350,0,2
SSUX,-2.23306,-48.86028,0,2
SSVH,-23.62738,-46.69866,0,2
SSVQ,-20.37029,-43.70632,0,2
SSVZ,-21.16361,-47.75502,0,2
SSWC,-19.92900,-43.95059,0,2
SSWD,-23.61118,-46.69616,0,2
SSWJ,-4.45699,-37.79479,0,2
SSWW,-12.98185,-38.46886,0,2
SSWY,-2.48938,-44.29555,0,2
SSXJ,-19.46437,-39.76153,0,2
SSXK,-23.70301,-46.69259,0,2
SSXL,-23.16531,-46.57504,0,2
SSYG,-2.52551,-44.12545,0,2
SSYH,-23.70046,-46.69582,0,2
SSYJ,-3.96791,-38.88986,0,2
SSYT,-16.69723,-49.25592,0,2
SSYX,-16.79146,-49.26176,0,2
SSZC,-3.92383,-38.32888,0,2
SSZE,-23.56305,-46.65620,0,2
SSZI,-14.78675,-39.24568,0,2
SSZJ,-23.33166,-46.83729,0,2
SSZU,-7.18969,-34.80305,0,2
SSZZ,-12.88345,-38.68043,0,2
SVKD,4.54840,-61.12962,0,2
SVKR,7.30044,-61.50133,0,2
SVSX,8.23377,-62.86848,0,2
SWAB,-23.48646,-46.85692,0,2
SWAF,-19.80432,-44.32498,0,2
SWAH,-19.84213,-43.87149,0,2
SWAT,-16.95741,-39.16121,0,2
SWAW,-19.87441,-45.00357,0,2
SWBL,-20.63054,-46.00668,0,2
SWBM,-21.37556,-42.73250,0,2
SWCK,-23.50132,-46.85132,0,2
SWCL,-22.97767,-43.39025,0,2
SWCM,-19.49714,-42.53965,0,2
SWCN,-22.90167,-42.94861,0,2
SWCT,-25.44925,-49.28886,0,2
SWCY,-22.45166,-42.97986,0,2
SWDA,-12.94762,-38.43183,0,2
SWDE,-22.84492,-47.06605,0,2
SWDF,-15.82754,-48.02313,0,2
SWDH,-21.95122,-47.89814,0,2
SWDK,-20.32667,-48.30250,0,2
SWDO,-22.94148,-46.70127,0,2
SWDP,-23.17507,-47.92427,0,2
SWDV,-19.68721,-44.43509,0,2
SWDX,-22.90742,-43.17547,0,2
SWDZ,-21.23005,-47.78437,0,2
SWEG,-23.50238,-46.82783,0,2
SWEY,-22.34599,-43.53387,0,2
SWFS,-22.38279,-47.00881,0,2
SWFT,-2.50147,-44.29140,0,2
SWGB,-16.68192,-49.25593,0,2
SWGE,-25.43544,-49.42605,0,2
SWGH,-3.73508,-38.50309,0,2
SWGK,-12.87538,-38.30876,0,2
SWGM,-23.33699,-46.14348,0,2
SWGR,-23.18418,-45.93270,0,2
SWGY,-29.41730,-50.85332,0,2
SWHA,-23.00825,-43.46455,0,2
SWHE,-23.59850,-47.44120,0,2
SWHH,-23.59110,-46.69093,0,2
SWHI,-21.26485,-47.31172,0,2
SWHK,-23.61904,-46.88496,0,2
SWHV,-3.82095,-38.53402,0,2
SWHW,-23.52375,-46.19636,0,2
SWHX,-23.48520,-46.63080,0,2
SWIC,-8.71452,-35.08820,0,2
SWID,-22.49094,-46.97458,0,2
SWIF,-22.85476,-43.76470,0,2
SWIO,-22.98506,-43.35907,0,2
SWIR,-22.91151,-43.20839,0,2
SWJE,-3.72428,-38.48944,0,2
SWJG,-14.77709,-49.57596,0,2
SWJT,-16.46413,-49.22501,0,2
SWKD,-23.25722,-47.04125,0,2
SWKK,-23.00856,-43.28818,0,2
SWKM,-23.50578,-46.83701,0,2
SWKX,-7.27167,-34.93389,0,2
SWKZ,-3.74731,-38.48997,0,2
SWLE,-8.06481,-34.89627,0,2
SWLG,-22.93073,-43.18526,0,2
SWLO,-26.48880,-49.08464,0,2
SWLT,-12.75962,-38.62060,0,2
SWLW,-2.49653,-44.27948,0,2
SWMB,-23.01345,-44.28814,0,2
SWMD,-19.43999,-44.31377,0,2
SWMF,-23.55003,-46.65862,0,2
SWMM,-16.61693,-49.88187,0,2
SWMP,-7.25472,-34.92861,0,2
SWMS,-21.17739,-47.80076,0,2
SWND,-23.50994,-46.82533,0,2
SWNG,-20.19916,-43.48979,0,2
SWNI,-23.65740,-46.65329,0,2
SWNY,-21.53442,-47.68614,0,2
SWOD,-13.00912,-38.50396,0,2
SWOP,-23.76806,-46.59283,0,2
SWOU,-23.61510,-46.69826,0,2
SWQA,-22.73247,-45.55973,0,2
SWQB,-22.97492,-46.39060,0,2
SWQF,-4.23825,-38.98150,0,2
SWQJ,-27.61039,-48.63041,0,2
SWQM,-20.32174,-44.04191,0,2
SWQR,-9.25527,-35.37096,0,2
SWQV,-23.72953,-46.54985,0,2
SWQZ,-22.70938,-45.60860,0,2
SWRJ,-22.93762,-44.07910,0,2
SWRK,-22.48687,-44.25767,0,2
SWRV,-23.62273,-46.70048,0,2
SWSB,-3.58853,-45.09548,0,2
SWSE,-30.02841,-51.16294,0,2
SWSK,-23.60921,-46.60606,0,2
SWSS,-22.90964,-43.19819,0,2
SWSW,-15.77973,-47.91326,0,2
SWSY,-22.17670,-46.71528,0,2
SWTA,-22.22889,-45.96722,0,2
SWTF,-23.51375,-46.73103,0,2
SWTM,-25.11480,-50.17230,0,2
SWTT,-25.43250,-49.32621,0,2
SWTT,-25.19206,-49.31144,0,2
SWUF,-23.25850,-47.66089,0,2
SWUI,-23.02717,-44.33197,0,2
SWUM,-20.03783,-40.17902,0,2
SWUO,-16.82213,-49.21377,0,2
SWUP,-23.64646,-46.88250,0,2
SWUS,-23.51837,-46.96551,0,2
SWUT,-19.97044,-44.10666,0,2
SWVD,-23.56307,-47.13661,0,2
SWVE,-12.24046,-37.77507,0,2
SWVG,-5.97100,-40.29836,0,2
SWVM,-19.96261,-43.95843,0,2
SWVP,-10.68916,-37.85622,0,2
SWVQ,-8.69389,-37.27083,0,2
SWWC,2.76683,-60.71601,0,2
SWWD,-23.05083,-46.67365,0,2
SWWG,-22.75318,-42.87959,0,2
SWWJ,-23.06227,-47.16225,0,2
SWWN,-22.99878,-44.43669,0,2
SWWO,-22.70127,-43.46757,0,2
SWWS,-23.44558,-47.38963,0,2
SWXH,-22.75528,-41.96083,0,2
SWXI,-8.23952,-34.93838,0,2
SWYD,-23.58522,-46.68235,0,2
SWYF,-22.76013,-47.25407,0,2
SWYI,-22.70354,-45.51245,0,2
SWYZ,-13.10896,-39.28428,0,2
SWZB,-23.76771,-45.34809,0,2
SWZF,-23.23672,-47.50042,0,2
SWZI,-22.43176,-45.43419,0,2
SWZJ,-22.76175,-41.94171,0,2
SWZK,-22.91145,-43.20325,0,2
SWZU,-8.11714,-35.00760,0,2
SWZZ,-26.26325,-48.85863,0,2
TBPO,13.09572,-59.61861,0,2
UHEB,69.87635,175.75801,0,2
UHGQ,59.60107,150.76817,0,2
UHGY,60.06339,150.76724,0,2
UKBA,48.68184,33.18546,0,3
UKBD,50.00640,30.19762,0,2
UKBE,49.69707,31.56236,0,2
UKHG,49.40842,33.26570,0,2
UKIH,50.40666,30.57929,0,2
UKKF,50.45777,30.56902,0,2
UKLG,49.42050,27.14660,0,2
UKND,50.44916,30.54117,0,2
UKND,50.59933,30.02030,0,2
ULLA,59.92495,30.31044,0,2
ULLE,59.87357,30.35874,0,2
ULLF,59.83633,30.18624,0,2
ULLN,59.89050,29.89463,0,2
ULLR,59.87967,30.52328,0,2
ULLU,59.86857,30.48595,0,2
ULLY,59.95147,30.31375,0,2
ULNW,58.01046,33.31493,0,2
ULSD,60.05656,30.39552,0,2
ULSQ,60.13516,29.93842,0,2
UNAQ,52.29536,88.51470,0,2
UNAZ,52.68260,88.35818,0,2
UNBN,50.74962,86.15215,0,2
UNEA,56.14979,86.05371,0,2
UNJB,61.81487,92.63863,0,2
UNWJ,53.05233,88.41711,0,2
UNWS,52.93422,88.82331,0,2
UPPS,48.49566,34.92808,0,2
URKC,44.75055,37.73599,0,2
USCR,53.01853,60.75024,0,2
USRG,61.39218,73.20306,0,2
UUBU,55.68787,37.84244,0,2
UUCD,56.31504,36.76764,0,2
UUCR,55.72528,37.33247,0,2
UUCU,55.87039,37.40519,0,2
UUEJ,56.27881,37.47703,0,2
UUMX,56.32615,38.09842,0,2
UUQL,57.61346,39.88863,0,2
UUUH,55.73779,37.61754,0,2
UUUN,55.72976,37.83071,0,2
UUUQ,55.86556,37.66465,0,2
UUWV,55.83352,37.61610,0,2
VHSS,22.28877,114.15239,0,2
XMFB,53.86708,27.06934,0,2
XMQF,53.92230,27.90674,0,2
YAFD,-37.84525,144.98131,0,2
YAXA,-37.19546,145.71749,0,2
YBUI,-41.04705,145.88043,0,2
YCAX,-28.00349,153.36253,0,2
YCDL,-41.57737,145.94125,0,2
YGEH,-38.15151,144.36593,0,2
YGHP,-38.66085,143.10628,0,2
YHBH,-37.74831,145.03601,0,2
YHYN,-20.05995,148.88344,0,2
YILT,-35.32076,150.43931,0,2
YMVR,-37.76450,144.93466,0,2
YPID,-38.52063,145.32850,0,2
YRHO,-37.79405,144.95131,0,2
YRMH,-37.79924,144.95605,0,2
YRNS,-33.82123,151.19206,0,2
YSSL,-30.20642,153.26727,0,2
YSWD,-27.95988,153.42408,0,2
YTSI,-43.23949,148.00399,0,2
YUOF,-38.22028,147.16855,0,2
YWST,-33.80477,150.98845,0,2
YXBS,-27.98569,153.00230,0,2
YXCB,-35.34383,149.09985,0,2
YXDH,-12.35283,130.88165,0,2
YXFV,-32.92055,151.72955,0,2
YXHG,-27.95948,153.38204,0,2
YXLU,-41.44754,147.14026,0,2
YXMV,-33.68446,151.30830,0,2
YXNH,-33.75085,151.23346,0,2
YXRA,-33.91949,151.23919,0,2
YXSB,-35.37858,149.17158,0,2
YXSC,-32.05020,150.87766,0,2
YXWG,-35.11909,147.35714,0,2
YYBK,-37.82230,144.95670,0,2
ZA4A,54.29261,40.15841,0,2
ZCT8,55.98653,37.52144,0,2
ZD1Q,51.79275,85.73551,0,2
ZD1R,55.56182,37.97571,0,2
ZZZZ,-16.34457,-47.88511,0,2
ZZZZ,-6.08391,-36.49882,0,2
