# Naval bases and naval harbours. Source: OpenStreetMap (ODbL), via tools/poi/fetch_osm.py.
# GENERATED by tools/poi/build_poi.py -- do not hand-edit; edit the generator or refetch.
# Codes are derived from the site name, not from UN/LOCODE: OSM carries no code for these.
# Sites without a Latin-script name are dropped rather than given an invented label.
# Columns: code,lat,lon,type,flags   (type 1 = port, flags 1 = military -> warship glyph)
code,lat,lon,type,flags
ABANDO,51.94896,-176.58796,1,1
ABDULA,26.96435,49.69711,1,1
ABOUD,25.28808,51.58216,1,1
ACADEM,37.16646,9.79905,1,1
ACCADE,43.53108,10.30816,1,1
ADAK,51.81076,-176.61505,1,1
ADAK,51.89828,-176.62452,1,1
ADMINI,38.25017,21.73622,1,1
AERONA,-15.35764,-75.13425,1,1
AERONA,8.94559,-79.57739,1,1
AERONA,19.36009,-90.72152,1,1
AERONA,24.09441,-110.36518,1,1
AFM,35.89600,14.50195,1,1
AGBO,9.78455,79.94123,1,1
AHSAN,25.18988,64.60453,1,1
AIRES,-34.59370,-58.36834,1,1
AIRFIE,26.94189,49.70485,1,1
AIRPOR,30.69889,-87.01496,1,1
AIRPOR,30.72267,-87.02276,1,1
AIRPOR,36.33300,-119.95200,1,1
AIRPOR,36.95282,-76.30429,1,1
AIRSTR,24.47499,-111.82537,1,1
AKSAZ,36.83343,28.38715,1,1
AKUREG,6.87875,79.92627,1,1
ALAMED,37.77371,-122.24430,1,1
ALANO,14.49427,120.90750,1,1
ALDEIA,-22.79962,-42.08554,1,1
ALDERG,49.07845,-122.48181,1,1
ALDERG,49.10752,-122.24194,1,1
ALVNAB,57.68065,11.86103,1,1
AMALIA,39.17006,22.88716,1,1
AMARIL,35.19886,-101.80916,1,1
AMBERJ,44.52669,-67.61613,1,1
AMBULA,-22.79470,-43.57938,1,1
AMMBAL,-9.67438,-35.71840,1,1
ANNAPO,38.98824,-76.46248,1,1
ANTONI,-43.21668,-65.27025,1,1
ANTONI,21.90020,-84.90729,1,1
ANVIL,32.77333,-79.94485,1,1
APOLIN,7.15373,125.66073,1,1
ARATU,-12.80205,-38.48908,1,1
ARENAS,-53.12085,-70.87005,1,1
ARGENT,-52.32874,-68.38604,1,1
ARGENT,-45.94606,-67.58343,1,1
ARGENT,-45.93043,-67.55556,1,1
ARGENT,-39.16667,-67.09787,1,1
ARGENT,-33.01596,-58.50583,1,1
ARGENT,-32.94378,-60.63271,1,1
ARGENT,-31.89046,-58.20476,1,1
ARGENT,-25.59594,-54.58012,1,1
ARLING,38.86748,-77.07916,1,1
ARMACA,-22.88431,-43.13087,1,1
ARMADA,-34.90409,-56.21512,1,1
ARMAME,18.73535,82.78177,1,1
ARMAME,19.04410,72.93815,1,1
ARMORY,41.72336,-86.90415,1,1
ASHDOD,31.81962,34.63896,1,1
ASIA,26.20905,50.62263,1,1
ASPRET,41.92486,8.76350,1,1
ATLIT,32.69484,34.93214,1,1
AUGUST,37.23463,15.21826,1,1
AUTHOR,36.80900,-76.30208,1,1
AUTOSN,36.48201,-6.19104,1,1
AVANZA,13.33313,-81.38406,1,1
AVIACI,-25.29103,-57.66881,1,1
AVIACI,-12.03289,-77.10471,1,1
AVIS,43.02723,6.45390,1,1
AYSEN,-45.41203,-72.69961,1,1
AZOPAR,-37.02613,-59.72725,1,1
BAHADU,24.89592,67.09762,1,1
BAHIA,-0.61665,-80.42328,1,1
BAHRAI,26.20816,50.61514,1,1
BAJADA,19.14843,-96.18014,1,1
BALBOA,8.95162,-79.58046,1,1
BANGLA,22.28355,91.79090,1,1
BANGOR,47.72485,-122.71969,1,1
BARCO,55.33083,-131.62398,1,1
BARIN,30.39168,-87.63311,1,1
BARRAC,40.80702,-124.16597,1,1
BARRAN,11.00651,-74.78436,1,1
BARRIG,13.47169,144.82928,1,1
BARTN,41.68473,32.23723,1,1
BASE,26.71742,55.97306,1,1
BASE,27.23889,120.37999,1,1
BASE,28.90908,50.85695,1,1
BASE,29.52435,121.68825,1,1
BASE,29.53446,121.77146,1,1
BASE,40.20175,128.65148,1,1
BASE,41.66418,41.67909,1,1
BASE,42.15918,41.65616,1,1
BASE,59.45635,24.72575,1,1
BASIN,27.83997,-97.05895,1,1
BASIN,28.94323,-95.30218,1,1
BASIN,30.34426,-87.28997,1,1
BASIN,31.25862,32.30895,1,1
BASIN,37.93190,-75.38281,1,1
BASIN,40.68374,-89.58815,1,1
BASIN,41.71695,-87.52630,1,1
BASIN,42.33993,-82.96094,1,1
BASIN,42.34016,-83.00827,1,1
BASIN,43.00552,-82.42175,1,1
BASIN,43.06079,-86.23880,1,1
BASIN,43.46303,-76.51628,1,1
BASIN,43.62794,-83.83781,1,1
BATALL,18.23001,-65.60751,1,1
BATTER,15.41021,73.78518,1,1
BAYBER,33.89391,-78.03333,1,1
BEACH,32.56328,-117.10632,1,1
BEACH,33.75035,-118.07209,1,1
BEACH,47.21302,-124.20456,1,1
BEAUFO,32.38906,-80.68176,1,1
BELGRA,-38.89755,-62.10135,1,1
BELGRA,-38.87647,-62.08891,1,1
BENGKA,1.46913,102.10558,1,1
BERENI,23.95611,35.56730,1,1
BERGA,59.07407,18.13989,1,1
BERMEJ,-22.72940,-64.35106,1,1
BETHES,39.00225,-77.09023,1,1
BIHOUE,47.76054,-3.44308,1,1
BILBAO,43.26372,-2.92959,1,1
BISCAY,45.85525,-84.70215,1,1
BLACKF,34.40447,-119.69255,1,1
BLACKT,34.16145,-119.22279,1,1
BLAKE,47.99199,-122.22414,1,1
BNRRB,22.24480,91.82215,1,1
BOARD,13.03971,77.53716,1,1
BOARDM,45.68907,-119.75915,1,1
BOAT,33.72630,-118.26925,1,1
BOAT,40.02545,128.16694,1,1
BODYGU,11.46841,104.95752,1,1
BOLINA,16.37966,119.91478,1,1
BOLIVA,10.41205,-75.54866,1,1
BOLIVI,-16.21968,-68.85484,1,1
BOLIVI,-16.16356,-69.09225,1,1
BOMA,-5.85797,13.03040,1,1
BOMBAR,18.33068,-65.32818,1,1
BONITO,41.07355,-71.93521,1,1
BRASIL,-19.00366,-57.59562,1,1
BRASIL,-9.67345,-35.72368,1,1
BRASIL,-5.79167,-35.22213,1,1
BRASIL,-5.76672,-35.20323,1,1
BRAY,30.38848,-81.43431,1,1
BREMER,47.55801,-122.64397,1,1
BREMER,47.59422,-122.69008,1,1
BRIDLE,44.27491,-68.31295,1,1
BRIGAD,69.51672,31.30892,1,1
BROMMY,53.54458,8.58729,1,1
BRONSO,30.38384,-87.41456,1,1
BROWN,-34.52886,-58.46693,1,1
BROWN,32.85070,-79.94215,1,1
BRUNSW,45.27119,-66.07601,1,1
BUFFAL,42.89821,-78.90060,1,1
BUNKER,42.42378,18.54923,1,1
BUSCH,-20.06558,-58.03623,1,1
CABANI,27.70201,-97.43906,1,1
CACERE,-16.06367,-57.68833,1,1
CADETS,-37.82432,145.09151,1,1
CADETS,-34.72725,135.86449,1,1
CADETS,-33.84881,151.16407,1,1
CADETS,-32.92371,151.78997,1,1
CALDER,18.21603,-70.51303,1,1
CALLAO,-12.03421,-77.14228,1,1
CAMP,6.07329,80.16804,1,1
CAMP,7.01690,79.90922,1,1
CAMP,7.96897,80.71223,1,1
CAMP,14.98735,120.07297,1,1
CAMP,32.83419,34.98300,1,1
CAMPUS,32.74808,-117.20151,1,1
CANADI,46.80800,-71.20359,1,1
CANARI,28.11384,-15.41962,1,1
CANAVE,28.41600,-80.60043,1,1
CAPITA,-42.91465,-72.71181,1,1
CAPITA,-0.43529,-90.28561,1,1
CAPITA,40.48048,17.22049,1,1
CAPITA,45.65371,13.76909,1,1
CARACA,1.80317,-61.13235,1,1
CARAQU,-0.61196,-80.42391,1,1
CARCAJ,-17.53898,-66.05624,1,1
CAREER,33.83083,-118.27925,1,1
CAREER,39.51167,-104.77190,1,1
CARMEN,20.62158,-87.07522,1,1
CARRAC,36.49056,-6.17522,1,1
CARTAG,37.60083,-0.99186,1,1
CATARI,-27.59622,-48.56842,1,1
CELLHA,12.96180,77.66895,1,1
CENTRA,10.30401,123.94019,1,1
CENTRE,19.08349,72.89660,1,1
CENTRO,32.82257,-115.67348,1,1
CHANDE,61.12538,-146.35229,1,1
CHANGI,1.31435,104.02599,1,1
CHANNE,29.27240,-89.35198,1,1
CHEATH,37.28433,-76.61672,1,1
CHENA,36.57167,-89.20135,1,1
CHERBO,49.65302,-1.63249,1,1
CHIEN,11.88438,109.20854,1,1
CHILE,-41.47966,-72.95371,1,1
CHIMBO,-9.11987,-78.55922,1,1
CHINES,36.09577,120.31319,1,1
CHINQU,-41.49804,-72.98852,1,1
CHIPPE,36.44297,-88.08020,1,1
CHOCTA,30.50677,-86.95375,1,1
CIMARR,36.44307,-88.07993,1,1
CINCIN,39.13604,-84.48004,1,1
CITY,30.17359,-85.74987,1,1
CLASS,39.37403,127.43903,1,1
CLAVER,-3.73364,-73.24008,1,1
CLINIC,32.73045,-117.21737,1,1
CLOSED,17.14976,-61.79260,1,1
CLUB,-33.04685,-71.62067,1,1
CLUB,36.58794,-121.83943,1,1
CLUB,51.43542,-0.39370,1,1
CLYDE,56.06092,-4.82110,1,1
COCHAB,-17.38285,-66.14317,1,1
COCHIN,9.94890,76.27749,1,1
COLEGI,-23.01649,-44.32912,1,1
COLLEG,50.35718,-3.58455,1,1
COLOMB,-4.21294,-69.94407,1,1
COLON,9.36391,-79.95067,1,1
COLONY,19.13215,72.92428,1,1
COLWOO,48.44546,-123.45608,1,1
COMFLO,22.52447,89.58695,1,1
COMPAN,4.07187,9.01432,1,1
COMPAN,7.99053,117.07210,1,1
CONCON,-32.94925,-71.47882,1,1
CONFID,28.41542,-80.62186,1,1
CONTRO,50.36926,-4.22709,1,1
CORMOR,32.77346,-79.94536,1,1
CORNER,44.96724,-63.98541,1,1
CORONA,32.66806,-117.15801,1,1
CORTES,15.82665,-87.93236,1,1
CORTEZ,24.47654,-111.82156,1,1
CORUNA,43.48121,-8.23950,1,1
COTONO,6.34908,2.43226,1,1
COULPO,56.05641,-4.86592,1,1
COUPEV,48.18886,-122.63156,1,1
COUREL,38.53623,-28.65742,1,1
COURT,5.64752,0.02235,1,1
COVE,44.56894,-64.10028,1,1
COVE,44.58653,-63.54832,1,1
COVE,44.58759,-64.06928,1,1
CRANE,38.75027,-86.79244,1,1
CRANE,38.83253,-86.79204,1,1
CREEK,36.78843,-76.31481,1,1
CREEK,48.19597,-121.92281,1,1
CRUZ,-0.74663,-90.31177,1,1
CUAREN,23.76251,-103.90455,1,1
CULDRO,50.08279,-5.25237,1,1
CUNANA,10.02105,118.79379,1,1
CYPRES,30.34614,-87.26509,1,1
DAHLGR,38.33247,-77.03725,1,1
DAILY,30.33888,-88.57895,1,1
DAKSHI,6.03689,80.22757,1,1
DAUNTL,30.34466,-87.26566,1,1
DECISI,30.34564,-87.26446,1,1
DECK,50.08756,-5.24936,1,1
DELGAD,8.05778,-69.33037,1,1
DELTA,5.51417,5.74146,1,1
DESIGN,36.92035,-76.31566,1,1
DETACH,10.06625,118.75571,1,1
DETACH,38.67859,-76.34368,1,1
DEVELO,40.01884,128.15781,1,1
DEVONP,-36.82798,174.78659,1,1
DEVONP,50.36800,-4.18316,1,1
DEVONP,50.38877,-4.19066,1,1
DHABI,24.48769,54.38517,1,1
DHABI,24.52122,54.39571,1,1
DIAMON,26.45889,-81.95433,1,1
DIAS,-22.91432,-43.28351,1,1
DIEGO,32.67490,-117.11455,1,1
DIEGO,32.72588,-117.14511,1,1
DILIGE,30.34420,-87.26624,1,1
DISTRI,-23.59373,-46.64671,1,1
DISTRI,-22.89721,-43.17845,1,1
DISTRI,-18.98764,-57.72349,1,1
DISTRI,-12.97487,-38.51547,1,1
DISTRI,-1.46479,-48.50388,1,1
DIVISI,33.92447,-117.56943,1,1
DIVISI,38.97499,-77.19297,1,1
DIXON,18.46042,-66.11547,1,1
DIXON,38.37289,-121.77692,1,1
DJIBOU,11.59265,43.06049,1,1
DONG,41.32207,129.77370,1,1
DOYLE,18.45953,-66.11570,1,1
DRIVE,32.72496,-117.21964,1,1
DUNE,54.17712,12.12107,1,1
EAGLE,41.34486,-72.08993,1,1
EARLE,40.32662,-74.13851,1,1
EARLE,40.44487,-74.05581,1,1
EARLE,40.46705,-74.03903,1,1
EAST,-33.85403,151.21122,1,1
EAST,25.13663,121.74697,1,1
EAST,34.06852,-80.96357,1,1
ECOLE,48.27918,-4.41927,1,1
ECUADO,-2.21554,-79.88694,1,1
ECUADO,-2.15780,-79.87812,1,1
EILAT,29.54445,34.94998,1,1
ELARA,9.71202,79.85853,1,1
ELECTR,19.04864,-95.97202,1,1
ELEDER,56.80953,-132.97226,1,1
ELINKI,12.50315,-16.66330,1,1
EMIRI,25.03124,51.63798,1,1
ENGINE,41.35145,-95.95926,1,1
ENSENA,32.37051,-117.06375,1,1
EPITAC,-21.76075,-52.09686,1,1
ESCALE,11.60187,43.13733,1,1
ESCUAD,-33.03099,-71.62964,1,1
ESPORA,-38.73423,-62.16043,1,1
ESQUIM,48.42964,-123.43099,1,1
ESTABL,58.57619,-3.75794,1,1
ESTACI,39.54810,2.62111,1,1
ESTEVE,10.59853,-67.02693,1,1
ESTREC,-2.45421,-72.68099,1,1
EVERET,47.98730,-122.22383,1,1
EXERCI,-36.17272,175.89477,1,1
EZHIMA,12.03292,75.19801,1,1
FAC,38.55901,-77.05388,1,1
FACILI,-33.83918,151.25544,1,1
FAIRWE,55.33459,-131.62997,1,1
FALLBR,33.36371,-117.28153,1,1
FALLON,39.39104,-118.70205,1,1
FALLON,39.42294,-118.70030,1,1
FEBRER,18.46953,-69.87288,1,1
FELIPE,31.01647,-114.84846,1,1
FENTRE,36.69358,-76.13071,1,1
FERROL,43.48133,-8.23916,1,1
FIELD,-36.21701,175.47763,1,1
FIELD,27.69220,-97.27414,1,1
FIELD,27.89601,-98.04157,1,1
FIELD,28.60714,-97.60649,1,1
FIELD,30.23219,-81.67917,1,1
FIELD,30.35176,-87.30373,1,1
FIELD,30.71234,-87.01838,1,1
FIELD,32.55119,-88.56923,1,1
FIELD,32.57884,-116.97521,1,1
FIELD,32.76638,-97.42958,1,1
FIELD,36.33295,-119.95229,1,1
FIELD,36.94036,-76.29518,1,1
FIELD,39.41308,-118.69259,1,1
FIELD,40.03339,-74.35368,1,1
FINBAC,26.08906,-80.11255,1,1
FINBAC,27.46440,-80.30644,1,1
FINBAC,38.94866,-74.88927,1,1
FINEGA,13.58159,144.84518,1,1
FIREFI,36.92161,-76.32285,1,1
FLADEH,55.33165,11.12808,1,1
FLADES,55.33503,11.12548,1,1
FLORAK,34.72417,33.28228,1,1
FORCES,36.78421,3.06917,1,1
FORMAT,5.34389,-4.03898,1,1
FORT,8.23573,79.76631,1,1
FOSTER,32.85101,-79.94170,1,1
FRANCE,50.17762,-5.05329,1,1
FRANCI,14.52751,121.03162,1,1
FREDER,57.43192,10.53932,1,1
FREDRI,58.99480,10.03971,1,1
FRITCH,38.94914,-74.89064,1,1
FUEL,-33.83792,151.25482,1,1
FUEL,1.45782,103.80796,1,1
FUEL,37.21640,-76.48642,1,1
FUERZA,12.36484,-83.63204,1,1
FUERZA,13.17894,-87.69629,1,1
FUERZA,13.33944,-87.84280,1,1
FUERZA,13.59524,-89.83588,1,1
FUJAIR,25.25195,56.36736,1,1
FULMAR,36.60888,-121.89183,1,1
GAETA,41.21607,13.57711,1,1
GANADO,21.52112,-76.99605,1,1
GARCIA,-7.31185,72.40965,1,1
GARNIS,57.67680,11.86091,1,1
GASSAM,14.67917,-17.43277,1,1
GATE,36.80294,-76.29597,1,1
GAVAZZ,-13.00700,-38.53025,1,1
GDYNIA,54.54234,18.55025,1,1
GHANTO,24.89002,54.84270,1,1
GHAZAO,35.10791,-1.83660,1,1
GIBRAL,36.13204,-5.35489,1,1
GLENVI,42.09166,-87.83782,1,1
GRANA,43.47325,-8.26375,1,1
GRANDE,40.44460,17.25204,1,1
GRESSE,18.46005,-66.11499,1,1
GRIFFO,48.43924,-89.21015,1,1
GRINDA,63.84738,-22.46138,1,1
GRODEN,53.53345,8.15930,1,1
GROUP,45.67963,0.22404,1,1
GROUPE,-5.90041,29.21739,1,1
GUAM,13.42585,144.64853,1,1
GUAM,13.47409,144.73995,1,1
GUANTA,19.92206,-75.15950,1,1
GUAQUI,-16.59062,-68.85615,1,1
GUARD,8.57138,81.19233,1,1
GUARDA,3.90487,-77.06125,1,1
GUARDA,21.55807,-77.26375,1,1
GUARDA,21.59159,-77.10883,1,1
GUARDA,21.63604,-77.36761,1,1
GUARDA,22.93957,-83.31386,1,1
GUARDA,23.09135,-82.47873,1,1
GUARIM,-27.15603,-109.43786,1,1
GUERRA,-22.95510,-43.16785,1,1
GUERRA,18.46833,-69.62305,1,1
GUERRE,23.99902,-98.78684,1,1
GULFPO,30.37658,-89.12399,1,1
GUNTER,30.36746,-88.56320,1,1
HABITA,31.01874,-114.85022,1,1
HAIFA,32.82997,34.99342,1,1
HALIBU,33.97013,-118.44679,1,1
HALIFA,44.65862,-63.58351,1,1
HALL,22.52263,89.58539,1,1
HALL,29.64856,-82.35113,1,1
HAMILT,32.85214,-79.94521,1,1
HAMMER,30.38790,-81.43492,1,1
HAMMER,41.52175,-70.66703,1,1
HARMON,13.52202,144.81539,1,1
HAROLD,30.67917,-86.88460,1,1
HASSLE,43.07223,-70.71103,1,1
HATUNC,-15.83906,-70.02113,1,1
HAULBO,51.84132,-8.30561,1,1
HAWKSB,36.60875,-121.89141,1,1
HEAD,38.58445,-77.18531,1,1
HEAD,44.61436,-63.42100,1,1
HEALY,47.58986,-122.34281,1,1
HECKSC,30.40239,-81.63326,1,1
HEIGHT,13.40232,144.68239,1,1
HELENA,36.82553,-76.28909,1,1
HELIPA,37.26838,-76.57403,1,1
HELIPO,30.17502,-85.75260,1,1
HELIPO,47.69994,-122.70369,1,1
HELIPO,47.98644,-122.22429,1,1
HERNAN,18.46041,-66.11499,1,1
HERON,11.62142,43.14946,1,1
HERRON,28.41603,-80.62220,1,1
HICKOR,59.60302,-151.41116,1,1
HIGH3R,10.40980,107.12355,1,1
HIGHTS,24.84966,67.05063,1,1
HILL,21.37132,-157.89856,1,1
HISTOR,45.30573,148.39233,1,1
HOLT,-21.81810,114.16932,1,1
HONDO,6.89808,122.08637,1,1
HONDUR,14.05843,-87.25177,1,1
HONDUR,17.40522,-83.94230,1,1
HORSLE,18.45970,-66.11548,1,1
HOUSIN,36.79827,-76.33290,1,1
HOVERC,23.60402,68.49440,1,1
HUATUL,15.74874,-96.13247,1,1
HUENEM,34.16030,-119.20835,1,1
IBIS,27.46411,-80.30640,1,1
IBIS,38.94904,-74.88939,1,1
IITNI,-7.20758,112.75407,1,1
INDIAN,9.79648,76.88838,1,1
INDIAN,17.72601,83.34102,1,1
INDIO,-35.34994,-57.29010,1,1
INFANT,-11.74383,-77.16665,1,1
INSTRU,48.37031,-4.52492,1,1
INTEND,-34.62590,-58.35676,1,1
INVEST,38.08468,-122.26974,1,1
IQUIQU,-20.20629,-70.14739,1,1
IRELAN,51.69841,-9.48013,1,1
IRIRAN,-39.50089,175.67117,1,1
ISLAND,-22.92927,-43.84791,1,1
ISLAND,-12.08162,-77.21322,1,1
ISLAND,32.69866,-117.20426,1,1
ISLAND,32.92131,-118.48461,1,1
ISLAND,33.02276,-118.58769,1,1
ISLAND,33.23975,-119.45914,1,1
ISLAND,33.24997,-119.50022,1,1
ISLAND,41.25531,-72.00632,1,1
ISLAND,48.05296,-122.72473,1,1
ISLAND,48.34206,-122.65892,1,1
ISLEMA,53.38744,-2.98099,1,1
ITAJAI,-26.90635,-48.65361,1,1
JACINT,-0.78266,-80.51795,1,1
JACKSO,30.21969,-81.68478,1,1
JACKSO,30.23144,-81.92279,1,1
JAMES,32.85289,-79.94387,1,1
JEFFER,36.85271,-76.29833,1,1
JINNAH,25.19903,64.65199,1,1
JULY,31.49330,26.57259,1,1
KADAMB,14.77700,74.13657,1,1
KALAEL,21.32550,-158.11621,1,1
KALMUN,7.42230,81.83113,1,1
KALMUN,9.59975,80.05366,1,1
KARANJ,18.89850,72.91927,1,1
KEYPOR,47.69890,-122.61961,1,1
KIEL,54.32476,10.16512,1,1
KIGAMB,-6.83390,39.30436,1,1
KILLIC,18.53318,-72.37966,1,1
KINABA,6.08593,116.10464,1,1
KINGFI,30.17039,-85.75453,1,1
KINGSB,30.79266,-81.52812,1,1
KINGSV,27.49375,-97.81139,1,1
KONGSR,55.82502,11.73477,1,1
KORDON,59.45705,24.66291,1,1
KOREA,35.09743,129.10637,1,1
KORSR,55.33157,11.13032,1,1
KOSONG,38.73398,128.21043,1,1
KURE,34.23762,132.55862,1,1
KUWAIT,28.86484,48.27633,1,1
LABORA,19.18371,73.20820,1,1
LABORA,38.65901,-76.53213,1,1
LABORA,38.82432,-77.02250,1,1
LADJI,6.38939,2.43404,1,1
LAGOS,6.44300,3.43999,1,1
LAKE,35.41861,-117.40651,1,1
LAKE,35.58979,-117.62114,1,1
LAKE,35.72471,-117.67823,1,1
LAKE,35.75191,-117.40717,1,1
LAKEHU,40.03115,-74.36970,1,1
LAKES,42.30701,-87.85218,1,1
LAMOUR,46.36601,-98.33555,1,1
LANDIV,48.52824,-4.14634,1,1
LANKA,8.54886,81.23504,1,1
LANTAM,0.90752,104.43995,1,1
LARGO,42.61412,-70.65078,1,1
LAWSON,38.94944,-74.89070,1,1
LAYBER,30.02284,-93.99824,1,1
LAZARE,43.08275,5.91555,1,1
LEDESM,14.48179,120.91520,1,1
LEMAN,46.50763,6.61929,1,1
LEMOOR,36.24420,-119.88225,1,1
LEMOOR,36.26279,-119.89245,1,1
LEMOOR,36.31352,-119.92340,1,1
LIBERT,58.38329,-134.64983,1,1
LIFEBO,49.09306,-123.09068,1,1
LINK,14.82220,120.36369,1,1
LION,48.72215,-122.51077,1,1
LISBOA,38.66422,-9.15554,1,1
LISBON,38.66067,-9.14269,1,1
LIVORN,43.52616,10.30812,1,1
LOCODJ,5.31414,-4.03240,1,1
LOGIST,12.18932,102.31701,1,1
LOMA,32.68897,-117.24518,1,1
LOMBRU,-2.04052,147.37288,1,1
LONDON,41.39817,-72.08627,1,1
LONGPO,18.21170,109.68500,1,1
LONGUE,48.30178,-4.51723,1,1
LOUIS,14.59984,-61.06605,1,1
LOUIS,38.74244,-90.37399,1,1
LUALUA,21.42814,-158.15618,1,1
LUALUA,21.44120,-158.13156,1,1
LUANDA,-8.78595,13.23391,1,1
LUZON,13.16321,123.75459,1,1
LYNETT,55.69630,12.61075,1,1
MADLAL,58.94835,5.66772,1,1
MAGAZI,13.35472,144.69316,1,1
MAGAZI,24.58105,-81.79729,1,1
MAGAZI,44.70611,-63.61893,1,1
MAGLUY,5.06986,119.88544,1,1
MAHAJA,-15.71477,46.34152,1,1
MAHANA,6.77479,81.81811,1,1
MAHON,39.89522,4.26922,1,1
MAKO,38.94871,-74.89049,1,1
MAKRAN,25.29495,63.34221,1,1
MANTA,-0.95570,-80.68712,1,1
MARCON,37.22960,15.21728,1,1
MARIN,42.39583,-8.70709,1,1
MARINA,7.09094,-70.74338,1,1
MARINE,-25.26941,-57.71534,1,1
MARINE,37.06804,7.38645,1,1
MARINE,54.69004,8.99748,1,1
MARINH,-10.77542,40.48224,1,1
MARINH,-1.39437,-48.48911,1,1
MARINH,-0.13663,-67.08463,1,1
MARLIN,30.17031,-85.75544,1,1
MASEFI,-21.13929,-175.17699,1,1
MATAL,-0.18314,-80.28846,1,1
MATAMO,25.74094,-97.55464,1,1
MAWYAW,16.44051,97.61414,1,1
MAYOTT,-12.78166,45.25523,1,1
MAYPOR,30.37696,-81.42691,1,1
MCCORM,55.33065,-131.62354,1,1
MCSHAN,38.94922,-74.88944,1,1
MECHAN,40.22964,-76.98669,1,1
MEDICA,36.84565,-76.30869,1,1
MEDICI,50.78040,-1.14116,1,1
MEENAM,12.99762,80.18236,1,1
MERCHA,59.98479,29.75740,1,1
MERIDI,32.55665,-88.58845,1,1
MERITI,-22.80429,-43.29664,1,1
MERRYF,50.96499,-2.93890,1,1
METROP,-33.44177,-70.68962,1,1
METROS,38.07256,-0.66537,1,1
MEXICO,17.95090,-102.18325,1,1
MEXICO,18.21403,-87.84218,1,1
MEZQUI,25.24391,-97.44379,1,1
MICHEL,41.52600,-70.67477,1,1
MIDWAY,38.49847,-77.37256,1,1
MIGUEL,14.95790,120.06693,1,1
MILDUR,-34.27661,141.60073,1,1
MILITA,-25.27964,-57.68120,1,1
MILITA,-17.87502,-63.11551,1,1
MILITA,-0.20212,-74.77754,1,1
MILITA,16.03151,-93.69264,1,1
MILITA,17.95129,-102.18927,1,1
MILITA,20.65941,-105.24281,1,1
MILITA,40.59374,17.80723,1,1
MILITA,48.37094,-4.50548,1,1
MINO,42.04766,-8.64038,1,1
MOASHI,23.78824,90.39123,1,1
MOBILE,44.82895,-87.38037,1,1
MOLLEN,-17.00973,-72.03376,1,1
MONTER,38.17660,-122.39317,1,1
MORAY,29.26531,-89.95808,1,1
MORAY,30.38767,-81.43519,1,1
MORENO,-0.90392,-89.61672,1,1
MORILL,48.37292,-4.51822,1,1
MOROSI,45.42581,12.36511,1,1
MTONGW,-4.06645,39.62988,1,1
MUGU,34.11406,-119.11265,1,1
MUMBAI,18.92712,72.83904,1,1
MYANMA,16.69393,96.22871,1,1
MYLADD,9.81128,80.07063,1,1
NACION,-34.89045,-56.28610,1,1
NACION,-32.98032,-58.06209,1,1
NACION,12.55568,-81.70400,1,1
NADEN,48.43343,-123.42052,1,1
NAGAR,18.91042,72.81017,1,1
NAMAER,38.80121,128.13908,1,1
NAMIBE,-15.19507,12.14441,1,1
NANISI,73.06820,-84.54775,1,1
NAPIER,18.46006,-66.11547,1,1
NAPLES,40.88088,14.29056,1,1
NAPOLI,40.83553,14.25441,1,1
NARWHA,33.60250,-117.88375,1,1
NATCHE,31.54307,-91.43362,1,1
NATION,-0.73159,8.79517,1,1
NATION,48.99084,2.08872,1,1
NAUSHO,59.60456,-151.42012,1,1
NAVAL,-34.88230,-56.04045,1,1
NAVAL,-34.65665,-54.14357,1,1
NAVAL,-18.46155,-70.29767,1,1
NAVAL,-16.51665,-68.12326,1,1
NAVAL,-12.69745,34.81087,1,1
NAVAL,-0.95768,-90.96531,1,1
NAVAL,18.27253,-103.34090,1,1
NAVALA,7.94394,81.50595,1,1
NAVALA,40.45479,-4.17015,1,1
NAVALE,-20.93340,55.28874,1,1
NAVALE,-12.27510,49.28493,1,1
NAVALE,4.03252,9.66742,1,1
NAVALE,6.27978,1.82777,1,1
NAVALE,48.38031,-4.50739,1,1
NAVALI,43.61602,13.50473,1,1
NAVALL,8.46200,81.23834,1,1
NAVY,-0.88093,131.25894,1,1
NAVY,6.02244,80.79991,1,1
NAVY,25.66907,52.41131,1,1
NAVY,27.23412,33.84421,1,1
NAYEF,26.17133,50.20298,1,1
NBCD,-34.17232,18.41895,1,1
NCC,13.01273,80.23451,1,1
NEAGRA,43.80475,28.56360,1,1
NECK,38.54913,-77.21733,1,1
NEGRO,27.96466,-114.05167,1,1
NEWPOR,41.54599,-71.30298,1,1
NGAPON,-36.82588,174.79170,1,1
NICARA,12.50645,-87.18590,1,1
NIGERI,4.30947,6.18578,1,1
NIGERI,6.42354,3.40813,1,1
NISCEM,37.11925,14.43954,1,1
NODONG,40.20585,128.65018,1,1
NORD,54.47509,9.86857,1,1
NORFOL,36.81924,-76.30117,1,1
NORFOL,36.92589,-76.29953,1,1
NORTH,36.80447,-76.30549,1,1
NORTHW,36.55813,-76.26781,1,1
NORVEL,25.76975,-80.14443,1,1
NUEVIT,21.55803,-77.26388,1,1
OBION,37.78714,-87.07410,1,1
OBSERV,35.18440,-111.74122,1,1
OBSERV,38.92141,-77.06704,1,1
OCEANA,36.81184,-76.03394,1,1
OCEANO,36.59246,-121.85408,1,1
OFFICE,37.16326,-93.26174,1,1
OGBINA,16.60749,120.29034,1,1
OLAVSV,69.53871,19.03516,1,1
OPERAT,37.33207,-79.97558,1,1
OPERAT,41.66075,-72.85782,1,1
OREGON,30.36701,-88.56334,1,1
ORLAND,28.43250,-81.34148,1,1
ORLAND,28.66865,-81.55002,1,1
ORLEAN,29.82599,-90.02113,1,1
ORLEAN,29.94800,-90.03351,1,1
ORLOGS,56.15348,15.58811,1,1
OSIAS,18.50395,122.14864,1,1
OSPREY,48.10703,-122.77287,1,1
OUACHI,35.09668,-85.20939,1,1
PACE,30.70258,-87.19197,1,1
PACIFI,13.92448,-90.80276,1,1
PACIFI,19.06234,-104.30219,1,1
PACIFI,21.44365,-157.96316,1,1
PACIFI,21.52014,-158.00676,1,1
PADANG,-1.00431,100.36540,1,1
PADILL,10.38951,-75.53170,1,1
PAITA,-5.08750,-81.12191,1,1
PAKIST,24.83030,66.97159,1,1
PALMAS,28.13639,-15.42701,1,1
PALYVE,43.09454,6.14269,1,1
PAMLIC,30.01228,-89.93062,1,1
PANDO,-11.01521,-68.75229,1,1
PANDO,39.37158,127.44467,1,1
PAPEET,-17.53356,-149.56959,1,1
PARAGU,-26.78739,-55.02684,1,1
PARERA,12.11286,-68.92119,1,1
PARK,40.85234,14.10683,1,1
PAROW,54.36941,13.07858,1,1
PASCAG,30.33189,-88.57248,1,1
PATOKA,33.37619,-91.09165,1,1
PATROL,36.84457,-76.28229,1,1
PEDERN,0.07974,-80.05507,1,1
PEMBA,-12.97099,40.51008,1,1
PEOPLE,16.11894,108.22289,1,1
PEREZ,7.75429,-80.16893,1,1
PERLA,-12.07014,-77.10672,1,1
PERUVI,-12.07253,-77.16798,1,1
PESCA,23.78529,-97.83582,1,1
PETIT,55.33165,-131.62606,1,1
PHILAD,39.89121,-75.17761,1,1
PHILAD,40.04165,-75.09506,1,1
PHILIP,14.56068,120.98514,1,1
PHNSY,21.35131,-157.95385,1,1
PICACH,28.08909,-15.52947,1,1
PIKE,56.80942,-132.97258,1,1
PILOT,58.33605,11.40405,1,1
PISCES,30.36802,-88.56301,1,1
PLANT,37.11697,-122.19215,1,1
PLANT,46.50123,-84.34061,1,1
PLATA,-38.03598,-57.53418,1,1
PN,24.83280,66.97179,1,1
POINT,24.56437,-81.79021,1,1
POINT,48.12352,-122.17086,1,1
POLANA,-26.96638,-55.32910,1,1
POLAR,47.59001,-122.33960,1,1
POOL,18.91646,72.82604,1,1
PORTIM,37.12363,-8.52840,1,1
PORTLA,45.57083,-122.71963,1,1
PORTOF,42.81269,10.33134,1,1
PORTSM,43.08086,-70.73503,1,1
PORTSM,50.80450,-1.10055,1,1
POSORJ,-2.71479,-80.24449,1,1
POST,8.05753,79.70715,1,1
POSTGR,36.59706,-121.87295,1,1
POULMI,48.28037,-4.44123,1,1
POWER,13.23166,100.93393,1,1
PRAT,-33.02084,-71.63758,1,1
PREFEC,-38.23777,-57.76058,1,1
PREFEC,-34.08826,-59.01544,1,1
PREFEC,-27.32650,-56.32322,1,1
PRINCI,0.34428,6.73611,1,1
PROGRA,37.41295,-122.02849,1,1
PROJEC,13.16629,101.06087,1,1
PUNTAL,36.50894,-6.25956,1,1
QABOOS,16.95815,54.80984,1,1
QUINCY,42.25844,-70.99447,1,1
QULAYA,28.86323,48.28532,1,1
RADIO,38.52621,-79.28287,1,1
RADIO,51.90011,-176.65756,1,1
RADOME,-38.18844,147.18238,1,1
RALEIG,35.78094,-78.67872,1,1
RAMOS,10.30089,123.93818,1,1
RAMPS,34.71292,-76.68409,1,1
RANGE,34.09081,-119.06698,1,1
RANH,11.91435,109.24323,1,1
RAPIDE,3.86674,9.62727,1,1
RAPIDE,4.21664,8.98618,1,1
RAVENN,44.49481,12.28118,1,1
REACTI,-34.17213,18.42276,1,1
RECEIV,8.69068,77.72688,1,1
RECIFE,-8.04186,-34.87185,1,1
RECREA,38.33677,-76.47396,1,1
RECRUI,36.55379,-82.53233,1,1
RECRUI,37.12682,-76.51150,1,1
RECRUI,41.07412,-111.98117,1,1
RECRUI,43.59072,-116.36893,1,1
REFIT,50.38983,-4.18938,1,1
REGION,10.01504,104.02439,1,1
REGION,14.69489,-92.39707,1,1
REGION,16.17275,-95.18846,1,1
REGION,16.83618,-99.85068,1,1
REGION,19.05531,-104.30550,1,1
REGION,19.20174,-96.13753,1,1
REGION,21.25311,-86.74403,1,1
REGION,23.20377,-106.41151,1,1
REGION,27.92099,-110.88266,1,1
RELIAN,30.34512,-87.26510,1,1
RESERV,14.59367,120.97177,1,1
RESERV,16.42001,120.60972,1,1
RESERV,17.89805,-62.85000,1,1
RESERV,30.02432,-94.04003,1,1
RESERV,36.63178,-121.93405,1,1
RESERV,38.07906,-122.10043,1,1
RESERV,38.51140,-121.39968,1,1
RESERV,39.04174,-94.54896,1,1
RESERV,39.26709,-76.58018,1,1
RESERV,39.89383,-75.18357,1,1
RESERV,41.51600,-90.56205,1,1
RESERV,42.10080,-80.06237,1,1
RESERV,42.30352,-83.07839,1,1
RESERV,45.56842,-122.72237,1,1
RESIDE,22.46550,89.59887,1,1
RIBERA,-10.99561,-66.06893,1,1
RICHMO,37.44386,-77.45108,1,1
RIVER,36.90220,-76.30240,1,1
RIVER,38.27933,-76.41844,1,1
RIVERI,10.29755,105.76694,1,1
ROADS,18.11313,-65.35306,1,1
ROCA,-17.53477,-66.05895,1,1
ROCHES,43.10516,-77.71223,1,1
RODRIG,8.94994,-79.57438,1,1
ROMANI,44.51915,26.07539,1,1
ROOM,22.52340,89.58764,1,1
ROSA,30.60873,-86.93839,1,1
ROTA,36.61400,-6.32568,1,1
RYBACH,52.91563,158.49072,1,1
SABIRS,24.84082,67.05106,1,1
SALAMA,35.92241,0.05643,1,1
SALVAD,13.70580,-89.17531,1,1
SAMPUR,8.47081,81.28555,1,1
SANIBE,41.52080,-70.66682,1,1
SANTIA,-34.84299,-57.89512,1,1
SANTO,33.09428,-16.33819,1,1
SASEBO,33.16388,129.71443,1,1
SCHENE,42.85730,-73.93162,1,1
SCOTT,36.80934,-76.31236,1,1
SEAPLA,48.28796,-122.60059,1,1
SECA,18.45220,-66.21373,1,1
SERE,44.98636,-70.44674,1,1
SGHIR,35.84213,-5.57349,1,1
SHARK,18.46070,-66.11498,1,1
SHARK,28.94356,-95.30201,1,1
SHARK,47.99107,-122.22440,1,1
SHEARW,34.40662,-119.69123,1,1
SHIMOF,35.79908,140.01846,1,1
SHIPEM,-41.06697,145.92953,1,1
SHRIKE,40.46668,-74.00985,1,1
SIDE,42.31479,-87.83737,1,1
SIGSBE,24.57656,-81.77384,1,1
SILVER,-34.08686,18.43772,1,1
SILVER,30.56098,-87.80899,1,1
SIMA,-3.68947,-73.26028,1,1
SIMONS,-34.21145,18.43125,1,1
SITE,30.81511,-87.16836,1,1
SITE,46.55929,-98.63870,1,1
SITE,46.56562,-119.51947,1,1
SITKIN,40.46674,-74.00973,1,1
SITTA,32.90641,13.22060,1,1
SKIPJA,29.89595,-92.11622,1,1
SLIP,42.87683,-78.88945,1,1
SLIP,46.77545,-92.09311,1,1
SOCKEY,38.31277,-123.05148,1,1
SOCORR,18.72715,-110.95136,1,1
SOCORR,18.77598,-110.93037,1,1
SOUDAB,35.53135,24.16091,1,1
SOUND,47.55856,-122.63582,1,1
SOUTH,13.54971,144.83048,1,1
SOUTH,35.33214,-89.86905,1,1
SOUTH,36.80062,-76.30242,1,1
SPENCE,30.62531,-87.13980,1,1
SPERIM,44.09603,9.86446,1,1
SPOKAN,47.70550,-117.47805,1,1
SPRING,43.07919,-73.82079,1,1
SQUADR,10.41910,107.14743,1,1
STAR,47.59071,-122.34276,1,1
STATIO,11.64735,92.73626,1,1
STATIO,31.30721,-113.54758,1,1
STINGR,29.72880,-93.87020,1,1
STOCKT,37.95304,-121.35859,1,1
STORAG,47.56660,-122.54419,1,1
SUBSTA,36.80926,-76.29925,1,1
SULTAN,23.81745,57.52783,1,1
SUMMER,30.50920,-87.64703,1,1
SUPERI,19.31883,-99.11552,1,1
SUPERI,36.81117,3.23028,1,1
SWINOU,53.90049,14.25096,1,1
SYSTEM,38.14476,-76.42791,1,1
TAJURA,32.84366,13.47361,1,1
TALCAH,-36.69736,-73.10438,1,1
TANINT,12.51444,98.46541,1,1
TAPACH,14.79488,-92.36159,1,1
TARPON,28.41583,-80.62220,1,1
TEMA,5.64665,0.02174,1,1
TERRAP,48.72193,-122.51063,1,1
TEST,42.69739,-76.92506,1,1
TESTIN,37.25470,-76.53301,1,1
TEZANO,18.45969,-66.11500,1,1
TITUMI,22.84533,89.55257,1,1
TOGALE,-18.12788,178.31884,1,1
TOULON,43.11681,5.90741,1,1
TOWN,-34.18959,18.43900,1,1
TOWN,6.44549,3.28251,1,1
TRANSP,-34.16133,18.41394,1,1
TROIA,38.47431,-8.87203,1,1
TRUMAN,24.54936,-81.80455,1,1
TUAS,1.29422,103.66325,1,1
TULUM,20.16939,-87.66430,1,1
TUMBES,-3.55863,-80.45435,1,1
TURIAM,10.41793,-67.84555,1,1
TYBEE,41.52129,-70.66692,1,1
UAE,13.07074,42.66271,1,1
UMOPAR,-17.01888,-64.83707,1,1
UNIDAD,21.55737,-77.26388,1,1
UNIT,-34.17264,18.42694,1,1
UNIT,40.72145,52.84674,1,1
UPLIFT,54.37530,-1.70475,1,1
USCGCA,29.68949,-91.20231,1,1
USCGCE,46.20778,-123.76918,1,1
USCGCF,60.55184,-145.76388,1,1
USHUAI,-54.80559,-68.29492,1,1
UTAMAT,3.78454,98.68158,1,1
VALENC,39.45492,-0.33070,1,1
VALIAN,30.39718,-81.40817,1,1
VALPAR,-33.02956,-71.62499,1,1
VALVEP,32.79452,-117.18814,1,1
VARUSK,60.03462,24.36116,1,1
VARUSK,60.44589,22.13190,1,1
VELATA,-19.80406,-174.35119,1,1
VENTUR,34.16187,-119.20825,1,1
VICTOR,4.97020,8.32263,1,1
VIEONB,36.48751,6.30821,1,1
VIGILA,28.41497,-80.62186,1,1
VILA,-12.95656,-38.35390,1,1
VILA,-9.66624,-35.72188,1,1
VILLAG,30.35333,-81.42498,1,1
VILLAR,-16.83795,-64.79285,1,1
VISAYA,10.29830,123.91009,1,1
WADDY,16.00496,94.32045,1,1
WAFER,5.54365,-87.05642,1,1
WALDRO,27.63469,-97.31330,1,1
WALVIS,-22.92601,14.52165,1,1
WAREHO,42.29887,-87.87137,1,1
WARFAR,35.08721,-90.14027,1,1
WARFAR,41.53765,-71.34471,1,1
WARMIN,40.19634,-75.05368,1,1
WARPOR,47.59419,19.08396,1,1
WASHIN,38.87381,-76.99538,1,1
WASSER,48.40498,15.61333,1,1
WEBSTE,38.14596,-76.42856,1,1
WEDGE,32.51495,-87.87493,1,1
WEST,9.77278,118.73932,1,1
WEST,24.60020,-81.69681,1,1
WHITEH,30.35814,-81.86891,1,1
WILLIA,32.79879,-88.83440,1,1
WILLOW,32.85120,-79.94687,1,1
WINGFI,-33.89841,18.52781,1,1
WIRE,42.07119,-73.93687,1,1
WWII,37.77052,23.76134,1,1
XIAOPI,38.82799,121.47197,1,1
YACUMA,-13.72703,-65.41386,1,1
YATES,-33.02605,-71.58520,1,1
YEOVIL,51.00898,-2.64546,1,1
YOHORI,39.87771,127.78295,1,1
YOKOSU,35.28435,139.66626,1,1
YORKTO,37.24069,-76.57916,1,1
YURA,33.95778,135.11474,1,1
ZACHOD,54.61248,18.78660,1,1
ZARATE,-34.08555,-59.02245,1,1
ZONA,-16.40465,-71.54313,1,1
ZONA,14.69962,-92.39806,1,1
ZONA,17.63726,-101.55931,1,1
ZONA,20.65864,-105.24309,1,1
ZONA,21.27738,-89.70614,1,1
ZONA,21.53227,-105.28531,1,1
ZONA,24.15123,-110.33125,1,1
ZONA,31.30600,-113.54739,1,1
ZONE,31.84855,-116.61650,1,1
