# Sea ports, keyed by UN/LOCODE. Source: marchah/sea-ports (MIT).
# Columns: code,lat,lon,type,flags
# flags is a bitfield: 1 = military, 2 = helipad (rotorcraft only). It picks the pictogram
# on the dial -- see render/SiteGlyph.kt -- and nothing else; ranking is by type alone.
# No record carries flag 1 yet. The source has no navy field, and a LOCODE names a place
# rather than a facility -- USSAN is San Diego the commercial port, which also happens to
# host a fleet, and JPYOK is Yokohama, not the naval base at Yokosuka (JPYOS). Flagging
# these from memory is how you ship a warship glyph on a container terminal, so they stay
# civil until someone checks each one. The warship silhouette is wired up and tested.
code,lat,lon,type,flags
AEAJM,25.40522,55.51364,1,0
AEAUH,24.47000,54.37000,1,0
AEDXB,25.25000,55.27000,1,0
AEFJR,25.12000,56.33000,1,0
AEJEA,24.98571,55.02729,1,0
AEJED,24.19151,52.61260,1,0
AEKLF,25.33000,56.35000,1,0
AEPRA,25.28476,55.27565,1,0
AEQIW,25.57000,55.55000,1,0
AERKT,25.78000,55.95000,1,0
AERUW,24.12000,52.73000,1,0
AESHJ,25.35000,55.38000,1,0
AGANU,17.07466,-61.81752,1,0
AGSJO,17.12000,-61.85000,1,0
AIBLP,18.17734,-63.09352,1,0
AIRBY,18.22075,-63.06533,1,0
ALDRZ,41.33281,19.46161,1,0
ANBON,12.20189,-68.26238,1,0
ANCUR,12.12242,-68.88242,1,0
ANEUX,18.03483,-63.08417,1,0
ANGSB,-68.44861,12.16868,1,0
ANPHI,18.02958,-63.04714,1,0
ANSXM,12.22488,-68.81088,1,0
ANWIL,12.12242,-68.88242,1,0
AOCAB,-5.57057,12.19758,1,0
AOLAD,-8.83999,13.28944,1,0
AOLOB,-12.37573,13.56105,1,0
AOMSZ,-15.19783,12.15755,1,0
AOSZA,-6.14103,12.35211,1,0
ARBHI,-38.72000,-62.28000,1,0
ARBUE,-34.58000,-58.67000,1,0
ARCMP,-34.15000,-58.95000,1,0
ARCNQ,-27.46921,-58.83063,1,0
ARCRD,-45.86561,-67.48224,1,0
ARCVI,-46.44256,-67.51715,1,0
ARDDC,-59.19976,-34.04476,1,0
ARLPG,-34.85000,-57.88000,1,0
ARMDQ,-38.05000,-57.53000,1,0
ARNEC,-38.55450,-58.73961,1,0
AROYA,-29.14422,-59.26432,1,0
ARPMY,-42.75000,-65.03000,1,0
ARPUD,-47.75000,-65.90000,1,0
ARRGA,-53.78000,-67.70000,1,0
ARRGL,-51.63000,-69.22000,1,0
ARRIC,-52.89556,-68.35230,1,0
ARROS,-32.95000,-60.65000,1,0
ARSAE,-40.80000,-64.73000,1,0
ARSFN,-31.60000,-60.68000,1,0
ARSLO,-32.80729,-60.72387,1,0
ARSNS,-33.33000,-60.23000,1,0
ARSPD,-33.68000,-59.17000,1,0
ARUSH,-54.80000,-68.30000,1,0
ARZAE,-34.10000,-59.03000,1,0
ASPPG,-14.27563,-170.70204,1,0
ATLTX,48.03373,15.77332,1,0
AUABP,-19.90789,148.08467,1,0
AUADL,-34.92000,138.58000,1,0
AUARD,-34.42307,137.91743,1,0
AUBBY,-34.39262,119.37938,1,0
AUBEL,-41.11541,146.86356,1,0
AUBNE,-27.47000,153.02000,1,0
AUBOO,-10.60000,141.92000,1,0
AUBWT,-41.05246,145.90685,1,0
AUCHT,-31.47005,116.10101,1,0
AUCNS,-16.92033,145.77086,1,0
AUDPO,-41.17835,146.36095,1,0
AUDRW,-12.45000,130.83000,1,0
AUFRE,-32.05604,115.74718,1,0
AUGLT,-23.84871,151.25980,1,0
AUGOV,-12.37807,130.87179,1,0
AUHBA,-42.87000,147.30000,1,0
AUHPT,-21.30558,149.29216,1,0
AULST,-41.42618,147.11247,1,0
AUMEL,-37.82000,144.97000,1,0
AUNLK,-42.78068,147.06365,1,0
AUNTL,-32.92669,151.77892,1,0
AUPAE,-34.84774,138.50736,1,0
AUPHE,-20.31163,118.57526,1,0
AUPKL,-34.48007,150.90050,1,0
AUSYD,-33.85000,151.20000,1,0
AUTSV,-19.25763,146.81787,1,0
AUWEI,-12.65915,141.83841,1,0
AWAUA,12.50000,-69.97000,1,0
AWORJ,12.50920,-70.00863,1,0
AZBAK,40.40926,49.86709,1,0
BBBGI,13.11322,-59.59881,1,0
BDCGP,22.34754,91.81233,1,0
BDCHL,22.60370,89.51397,1,0
BDDAC,23.81033,90.41252,1,0
BDMGL,22.49422,89.60162,1,0
BEANR,51.22000,4.42000,1,0
BEBSU,50.74812,3.40729,1,0
BEDEL,51.31060,4.26497,1,0
BEGNE,51.05000,3.72000,1,0
BEOST,51.20000,2.92000,1,0
BEZEE,51.33000,3.20000,1,0
BFOUA,12.37143,-1.51966,1,0
BGBOJ,42.50479,27.46264,1,0
BGVAR,43.21405,27.91473,1,0
BHBAH,26.27000,50.63000,1,0
BHKBS,26.20000,50.62000,1,0
BHMAN,26.22852,50.58605,1,0
BHSIT,26.13000,50.62000,1,0
BJCOO,6.37029,2.39124,1,0
BMBDA,32.29482,-64.78137,1,0
BMSOU,50.90970,-1.40435,1,0
BNBWN,4.88000,114.93000,1,0
BNKUB,4.58320,114.22122,1,0
BNMUA,5.03332,115.07329,1,0
BOPBU,-20.03333,-57.96667,1,0
BOSRZ,-17.78000,-63.18000,1,0
BRARB,-12.78559,-38.45608,1,0
BRARE,-4.98000,-37.17000,1,0
BRBEL,-1.45000,-48.50000,1,0
BRCDO,-6.98772,-34.82872,1,0
BRFNO,-22.75836,-41.88077,1,0
BRFOR,-3.73186,-38.52667,1,0
BRIBB,-28.22763,-48.66913,1,0
BRIGI,-22.87000,-43.77000,1,0
BRIOA,-26.12000,-48.60000,1,0
BRIOS,-14.79351,-39.04638,1,0
BRIRO,-20.25306,-43.80306,1,0
BRITJ,-26.91060,-48.67095,1,0
BRITQ,-29.12940,-56.54811,1,0
BRITZ,-21.01001,-40.83106,1,0
BRMAO,-3.11903,-60.02173,1,0
BRMCZ,-9.67000,-35.72000,1,0
BRNAT,-5.77926,-35.20092,1,0
BRNVT,-26.90000,-48.65000,1,0
BRPCL,-19.18342,-40.30886,1,0
BRPEC,-3.52000,-38.87000,1,0
BRPNG,-25.52000,-48.50000,1,0
BRPNN,-12.61628,-47.87593,1,0
BRPOA,-30.03465,-51.21766,1,0
BRREC,-8.05784,-34.88290,1,0
BRRIG,-32.03538,-52.10758,1,0
BRRIO,-22.90685,-43.17290,1,0
BRSAL,-22.88987,-49.98361,1,0
BRSFS,-26.25841,-48.63485,1,0
BRSPB,-22.92000,-43.82000,1,0
BRSSA,-12.97304,-38.50230,1,0
BRSSO,-23.80635,-45.40165,1,0
BRSSZ,-23.95000,-46.33000,1,0
BRSTM,-2.45063,-54.70092,1,0
BRSUA,-8.35366,-34.95755,1,0
BRVDC,-14.85000,-40.85000,1,0
BRVIC,-7.27000,-34.90000,1,0
BRVIX,-20.29762,-40.29578,1,0
BRVLC,-1.53000,-48.75000,1,0
BSFPO,26.54161,-78.64555,1,0
BSNAS,25.08000,-77.35000,1,0
BYMSQ,53.90454,27.56152,1,0
BZBZE,17.50457,-88.19621,1,0
CABAT,47.61835,-65.65134,1,0
CABCK,44.58952,-75.68429,1,0
CABDU,45.40000,-73.92000,1,0
CABEC,46.33000,-72.43000,1,0
CABJO,50.30000,-62.83000,1,0
CABRL,43.32552,-79.79903,1,0
CACAL,51.03000,-114.07000,1,0
CACBK,48.95000,-57.93000,1,0
CACCB,48.73731,-123.62155,1,0
CACOL,44.50077,-80.21690,1,0
CACRO,48.86384,-123.64580,1,0
CACWL,45.02128,-74.73034,1,0
CADOR,45.45032,-73.75005,1,0
CADRU,45.88029,-72.48428,1,0
CAEDM,53.54439,-113.49093,1,0
CAHAL,44.64886,-63.57532,1,0
CAHAM,43.25002,-79.86609,1,0
CAHMC,49.13000,-123.85000,1,0
CAKVL,42.03628,-82.73898,1,0
CAMAG,45.26649,-72.14799,1,0
CAMNT,46.08782,-64.77823,1,0
CAMTR,45.50169,-73.56726,1,0
CANIA,43.08956,-79.08494,1,0
CANNO,49.16588,-123.94006,1,0
CANOR,46.30000,-79.45000,1,0
CANWE,49.20572,-122.91096,1,0
CAOAK,43.46752,-79.68767,1,0
CAODE,44.27704,-76.71829,1,0
CAOSH,43.89709,-78.86579,1,0
CAPCR,43.55162,-79.58563,1,0
CAPDV,42.78652,-80.20328,1,0
CAPML,49.52175,-123.48806,1,0
CAPOI,45.43000,-73.73000,1,0
CAPRR,54.31504,-130.32082,1,0
CAQUE,46.80328,-71.24280,1,0
CASAK,52.13321,-106.67005,1,0
CASCA,43.17000,-79.23000,1,0
CASJB,45.27000,-66.07000,1,0
CASJF,47.57000,-52.73000,1,0
CASNI,42.97454,-82.40659,1,0
CASOR,46.04283,-73.11230,1,0
CASSM,46.52186,-84.34609,1,0
CASTC,43.22722,-79.71956,1,0
CASUM,46.39338,-63.79023,1,0
CATEX,49.65966,-124.41219,1,0
CATHU,48.38090,-89.24768,1,0
CATOR,43.65323,-79.38318,1,0
CATRR,46.35924,-72.54753,1,0
CATTC,44.10113,-77.57631,1,0
CAVAN,49.28273,-123.12074,1,0
CAVLF,45.25000,-74.13000,1,0
CAWIN,43.20796,-79.65092,1,0
CAWNP,49.89975,-97.13749,1,0
CDBOA,13.02288,-5.83472,1,0
CDMAT,13.45099,-5.82379,1,0
CGPNR,-4.76916,11.86636,1,0
CIABJ,5.35995,-4.00826,1,0
CISPY,4.73000,-6.62000,1,0
CLANF,-23.63000,-70.38000,1,0
CLARI,-18.48000,-70.32000,1,0
CLBAG,-52.62000,-70.13000,1,0
CLBAR,-26.35000,-70.63000,1,0
CLCAP,43.38131,-4.39706,1,0
CLCBC,-41.75000,-73.13000,1,0
CLCCL,-18.43504,-70.29372,1,0
CLCHB,-45.48000,-72.82000,1,0
CLCLD,-27.03000,-70.80000,1,0
CLCNL,-37.02000,-73.15000,1,0
CLCNR,-26.35000,-70.62000,1,0
CLCNX,-52.97000,-70.85000,1,0
CLCQQ,-29.97000,-71.33000,1,0
CLCRR,-39.87000,-73.43000,1,0
CLDCH,-42.38000,-73.67000,1,0
CLGYC,-29.98000,-71.37000,1,0
CLHSO,-28.45000,-71.22000,1,0
CLIPC,-27.15000,-109.42000,1,0
CLIQQ,-20.22000,-70.13000,1,0
CLJRL,-73.22652,-36.97214,1,0
CLLOS,-31.90000,-71.50000,1,0
CLLQN,-36.70000,-72.98000,1,0
CLLVS,-33.27000,-71.65000,1,0
CLMCH,-22.71831,-70.27769,1,0
CLMJS,-23.10000,-70.45000,1,0
CLPAG,-23.08000,-70.45000,1,0
CLPCH,-45.48000,-72.83000,1,0
CLPEO,-36.72000,-72.98000,1,0
CLPGO,-71.50386,-31.88555,1,0
CLPMC,-41.47000,-72.95000,1,0
CLPNT,-51.72000,-72.50000,1,0
CLPPC,-20.82000,-70.22000,1,0
CLPPD,-70.84190,-27.05229,1,0
CLPTE,-43.10000,-73.62000,1,0
CLPTI,-20.75000,-70.18000,1,0
CLPUQ,-53.13000,-70.93000,1,0
CLQMC,-42.13000,-73.48000,1,0
CLQTV,-32.77000,-71.53000,1,0
CLSAI,-33.60000,-71.60000,1,0
CLSVE,-36.70000,-73.13000,1,0
CLTAL,-36.73000,-73.12000,1,0
CLTHO,-36.72478,-73.11698,1,0
CLTOM,-36.60000,-72.95000,1,0
CLTOQ,-22.08000,-70.18000,1,0
CLTTC,-25.40000,-70.47000,1,0
CLVAP,-33.03000,-71.63000,1,0
CLWCA,-42.47000,-73.77000,1,0
CLWCH,-42.92000,-72.70000,1,0
CLWPA,-45.38000,-72.70000,1,0
CLWPU,-54.92000,-67.62000,1,0
CLZUD,-41.85000,-73.83000,1,0
CMDLA,4.05106,9.76787,1,0
CNBAY,40.23064,122.10781,1,0
CNBHY,22.81548,108.32755,1,0
CNBJO,26.35000,119.92000,1,0
CNCAN,23.12911,113.26439,1,0
CNCGU,31.65369,120.75250,1,0
CNCKG,29.56301,106.55156,1,0
CNCOZ,23.67000,116.63000,1,0
CNCSX,28.22821,112.93881,1,0
CNCTU,30.57227,104.06654,1,0
CNCWN,22.48000,113.88000,1,0
CNDAA,33.18919,120.10347,1,0
CNDAL,38.91400,121.61468,1,0
CNDGG,23.02054,113.75177,1,0
CNDLC,38.91400,121.61468,1,0
CNDOU,22.20000,113.28000,1,0
CNFAN,21.77000,108.35000,1,0
CNFNG,22.65000,113.78000,1,0
CNFOS,23.03000,113.10000,1,0
CNFUG,25.72038,119.38381,1,0
CNGGY,23.40331,113.21836,1,0
CNGOG,22.78000,113.87000,1,0
CNGOM,22.88000,112.83000,1,0
CNGUG,23.10000,109.60000,1,0
CNHAK,20.04400,110.19829,1,0
CNHDU,23.40000,113.22000,1,0
CNHEB,39.88000,115.27000,1,0
CNHGH,30.27408,120.15507,1,0
CNHME,32.10416,121.45308,1,0
CNHMN,22.83000,113.67000,1,0
CNHSN,22.77000,112.95000,1,0
CNHUA,23.10690,113.45971,1,0
CNHUD,40.75000,120.85000,1,0
CNHUI,23.08000,114.37000,1,0
CNJGZ,30.35000,112.18000,1,0
CNJIA,31.90000,120.28000,1,0
CNJIN,27.12000,114.97000,1,0
CNJIU,29.72000,115.97000,1,0
CNJMN,22.58000,113.07000,1,0
CNJNZ,41.12000,121.15000,1,0
CNJXN,22.70248,113.31369,1,0
CNJZU,24.28862,116.12224,1,0
CNKHN,28.68289,115.85820,1,0
CNKMG,24.88010,102.83289,1,0
CNKPN,39.70000,118.30000,1,0
CNLAN,22.97016,113.98159,1,0
CNLGH,22.63964,114.02092,1,0
CNLIH,23.02000,115.27000,1,0
CNLKU,37.65000,120.35000,1,0
CNLSI,26.15000,113.60000,1,0
CNLYG,34.72000,119.43000,1,0
CNLZH,23.32000,109.40000,1,0
CNMAW,25.98000,119.45000,1,0
CNMMI,21.66300,110.92546,1,0
CNMWN,22.45000,113.88000,1,0
CNMYG,31.50000,104.70000,1,0
CNNAH,23.02000,113.15000,1,0
CNNBO,29.86834,121.54399,1,0
CNNGB,29.86834,121.54399,1,0
CNNGG,23.03727,113.20045,1,0
CNNKG,32.06025,118.79688,1,0
CNNNG,22.81700,108.36654,1,0
CNNSA,22.75000,113.58000,1,0
CNNTG,32.02000,120.85000,1,0
CNPNY,22.95000,113.37000,1,0
CNPUT,24.43000,119.02000,1,0
CNQAW,36.05000,120.22000,1,0
CNQIN,36.06712,120.38261,1,0
CNQYN,23.68176,113.05603,1,0
CNQZJ,24.93000,118.60000,1,0
CNROQ,22.78000,113.27000,1,0
CNRZH,35.38000,119.53000,1,0
CNSBU,22.36821,112.71619,1,0
CNSDG,21.52000,111.00000,1,0
CNSGH,31.23042,121.47370,1,0
CNSHA,31.23042,121.47370,1,0
CNSHK,22.48000,113.92000,1,0
CNSHP,39.92000,119.58000,1,0
CNSIN,22.91900,113.61779,1,0
CNSJQ,23.17000,112.87000,1,0
CNSNW,22.28153,113.36408,1,0
CNSSH,23.03600,113.24133,1,0
CNSUD,22.83000,113.25000,1,0
CNSWA,23.13219,113.26653,1,0
CNSWE,22.78000,115.35000,1,0
CNSZX,22.55526,113.88402,1,0
CNTAG,31.45773,121.13055,1,0
CNTAO,36.06712,120.38261,1,0
CNTAP,21.03000,110.17000,1,0
CNTHG,22.25000,112.78000,1,0
CNTSN,39.08416,117.20098,1,0
CNTXG,38.98000,117.70000,1,0
CNTZO,32.48000,119.90000,1,0
CNWAZ,22.18000,113.52000,1,0
CNWEI,37.52000,122.12000,1,0
CNWHI,31.32000,118.37000,1,0
CNWNZ,27.99427,120.69937,1,0
CNWUH,30.59310,114.30539,1,0
CNXAB,24.05976,114.20687,1,0
CNXAM,24.47983,118.08943,1,0
CNXGA,39.00651,117.68493,1,0
CNXGG,39.00651,117.68493,1,0
CNXIL,22.67139,113.25140,1,0
CNXIN,22.53000,113.02000,1,0
CNXIT,23.12000,113.62000,1,0
CNXMN,24.47983,118.08943,1,0
CNYAN,29.47670,121.86934,1,0
CNYIC,30.70000,111.28000,1,0
CNYIK,40.65000,122.22000,1,0
CNYJI,21.83000,111.97000,1,0
CNYNF,22.91509,112.04449,1,0
CNYNT,37.46382,121.44794,1,0
CNYPG,19.70000,109.20000,1,0
CNYQS,22.92831,113.20719,1,0
CNYTG,37.46382,121.44794,1,0
CNYTN,26.85000,119.87000,1,0
CNYZH,32.38000,119.43000,1,0
CNZAP,30.60355,121.09559,1,0
CNZHA,23.13219,113.26653,1,0
CNZHE,32.18000,119.45000,1,0
CNZJG,31.87000,120.53000,1,0
CNZOS,29.98529,122.20722,1,0
CNZQG,23.05000,112.45000,1,0
CNZSN,22.52000,113.37000,1,0
CNZUH,22.28000,113.57000,1,0
COBAQ,11.00411,-74.80698,1,0
COBUN,3.88305,-77.01972,1,0
COCTG,10.39105,-75.47943,1,0
COPBO,10.68000,-74.73000,1,0
COSMR,11.24035,-74.21102,1,0
COTCO,1.80009,-78.80209,1,0
CRCAL,9.95000,-84.72000,1,0
CRGLF,8.65000,-83.15000,1,0
CRLIO,10.00000,-83.03000,1,0
CRMOB,10.00000,-83.08000,1,0
CRPAS,9.97000,-84.83000,1,0
CRPCA,9.93285,-84.08694,1,0
CRSJO,9.93000,-84.08000,1,0
CUHAV,23.12000,-82.35000,1,0
CUMAR,23.00000,-82.75000,1,0
CUQMA,22.57671,-81.33994,1,0
CUSCU,20.01693,-75.83015,1,0
CVMIN,16.88000,-25.00000,1,0
CVPAL,16.75827,-22.97886,1,0
CVRAI,14.93305,-23.51333,1,0
CYLMS,34.68000,33.05000,1,0
CYNIC,35.17000,33.37000,1,0
CYPFO,34.77000,32.42000,1,0
DEBEZ,48.12140,7.74253,1,0
DEBIN,49.97000,7.88000,1,0
DEBKE,53.33000,8.48000,1,0
DEBOY,52.20846,8.80097,1,0
DEBRA,53.55000,8.70000,1,0
DEBRB,53.89889,9.13389,1,0
DEBRE,53.07930,8.80169,1,0
DEBRV,53.53958,8.58094,1,0
DEBSK,54.41920,11.19255,1,0
DECGN,50.95000,6.93000,1,0
DECUX,53.88000,8.70000,1,0
DEDUS,51.23000,6.78000,1,0
DEELS,53.23000,8.47000,1,0
DEEME,53.37000,7.22000,1,0
DEFLF,54.79374,9.44700,1,0
DEHAM,53.55108,9.99368,1,0
DEHBU,53.46078,9.98342,1,0
DEHMM,51.68000,7.80000,1,0
DEKEL,54.33000,10.13000,1,0
DEKGU,49.55640,10.95569,1,0
DEKHO,49.21782,9.21161,1,0
DELBC,53.86547,10.68656,1,0
DELEE,53.23566,7.46790,1,0
DEMHG,49.48000,8.45000,1,0
DENHA,53.50000,8.48000,1,0
DENOR,54.51089,8.92465,1,0
DEPFR,47.57664,10.52644,1,0
DERSK,54.08000,12.13000,1,0
DEWED,53.58238,9.71375,1,0
DEWOR,49.63414,8.35072,1,0
DEWVN,53.52000,8.13000,1,0
DJJIB,11.57208,43.14565,1,0
DJPOD,11.57208,43.14565,1,0
DKAAL,57.04882,9.92175,1,0
DKAAR,56.15000,10.22000,1,0
DKASN,55.27023,9.90082,1,0
DKCPH,55.67000,12.58000,1,0
DKEBJ,55.47647,8.45941,1,0
DKFRC,55.56893,9.74952,1,0
DKHIR,57.58695,9.96684,1,0
DKHLS,56.03079,12.59213,1,0
DKHSB,56.36153,8.62173,1,0
DKKAL,55.68643,11.08919,1,0
DKKTD,55.45588,10.65498,1,0
DKNBG,55.32417,10.79956,1,0
DKODE,55.40376,10.40237,1,0
DKRUG,55.88000,12.52000,1,0
DKSKA,57.72500,10.57919,1,0
DKSVE,55.06743,10.60728,1,0
DMRSU,15.30917,-61.37936,1,0
DOCAU,18.42000,-69.63000,1,0
DOHAI,18.51327,-70.07311,1,0
DOMAN,19.70000,-71.75000,1,0
DOPOP,19.78077,-70.68711,1,0
DOSDQ,18.47000,-69.90000,1,0
DOSPM,18.45000,-69.30000,1,0
DZAAE,7.67407,36.91787,1,0
DZALG,36.75000,3.05000,1,0
DZBJA,36.75089,5.05673,1,0
DZGHA,32.48000,3.67000,1,0
DZMOS,36.01312,0.14014,1,0
DZORN,35.69765,-0.63374,1,0
DZSKI,36.87152,6.91018,1,0
ECBHA,-0.55000,-80.50000,1,0
ECCHA,-2.42000,-80.67000,1,0
ECESM,0.98000,-79.70000,1,0
ECGYE,-2.17000,-79.90000,1,0
ECLLD,-2.23000,-80.90000,1,0
ECMEC,-0.95000,-80.73000,1,0
ECMTV,-2.03000,-80.72000,1,0
ECPBO,-3.27000,-79.98000,1,0
EEHLD,58.80940,22.46590,1,0
EEMUG,59.50000,24.97000,1,0
EETLL,59.43000,24.73000,1,0
EGAIS,29.63256,32.33002,1,0
EGALY,31.30911,30.06259,1,0
EGDAM,31.42000,31.82000,1,0
EGEDK,30.70515,30.77163,1,0
EGPSD,31.26529,32.30187,1,0
EGSOK,29.65000,32.35000,1,0
EGSUZ,29.97000,32.52000,1,0
ERASA,13.00000,42.73000,1,0
ERMSW,15.60000,39.45000,1,0
ESACE,28.97000,-13.53000,1,0
ESAGP,36.72000,-4.42000,1,0
ESALC,38.34600,-0.49069,1,0
ESALG,36.14076,-5.45623,1,0
ESAVS,43.55795,-5.92467,1,0
ESBCN,41.38506,2.17340,1,0
ESBIO,43.25000,-2.97000,1,0
ESBRM,43.43000,-2.72000,1,0
ESCAD,36.52706,-6.28860,1,0
ESCAR,37.62568,-0.99658,1,0
ESCAS,39.98000,-0.03000,1,0
ESCEU,35.88939,-5.32135,1,0
ESFER,38.35000,-2.00000,1,0
ESFUE,28.50082,-13.86284,1,0
ESGIJ,43.53000,-5.67000,1,0
ESHUV,37.26142,-6.94472,1,0
ESIBZ,38.90000,1.43000,1,0
ESLCG,43.37000,-8.38000,1,0
ESLEI,36.83000,-2.45000,1,0
ESLPA,28.10000,-15.42000,1,0
ESMAD,40.41678,-3.70379,1,0
ESMAH,39.88000,4.25000,1,0
ESMLN,35.32000,-2.88000,1,0
ESMOT,36.74897,-3.51804,1,0
ESMPG,42.39148,-8.70208,1,0
ESPAL,41.85000,3.13000,1,0
ESPAS,43.32547,-1.93014,1,0
ESPMI,39.57000,2.63000,1,0
ESSCT,28.46363,-16.25185,1,0
ESSDR,43.46231,-3.80998,1,0
ESSNR,43.33000,-3.03000,1,0
ESSPC,28.68000,-17.77000,1,0
ESSVQ,37.38909,-5.98446,1,0
ESTAR,41.11888,1.24449,1,0
ESTBZ,41.69494,-1.54326,1,0
ESTCI,28.32000,-16.57000,1,0
ESTOT,40.81258,0.52144,1,0
ESVGO,42.24060,-8.72073,1,0
ESVLC,39.46991,-0.37629,1,0
ESZAZ,41.64882,-0.88909,1,0
FIHEL,60.17332,24.94102,1,0
FIHKO,59.82835,22.96586,1,0
FIHMN,60.57000,27.20000,1,0
FIKEM,65.73000,24.57000,1,0
FIKOK,63.83000,23.12000,1,0
FIKTK,60.47000,26.92000,1,0
FIMTL,61.59188,21.48228,1,0
FIOLU,65.01261,25.47145,1,0
FIOUL,65.02000,25.47000,1,0
FIPOR,61.48000,21.80000,1,0
FIRAU,61.13000,21.50000,1,0
FITKU,60.45000,22.28000,1,0
FITOR,65.85000,24.18000,1,0
FJLTK,-17.62000,177.45000,1,0
FJSUV,-18.12481,178.45008,1,0
FKPSY,-51.69771,-57.85166,1,0
FMPNI,6.85413,158.26238,1,0
FOTHO,62.02000,-6.77000,1,0
FRBAS,44.89984,-0.51624,1,0
FRBAY,43.49295,-1.47484,1,0
FRBES,48.40000,-4.48000,1,0
FRBOD,44.83779,-0.57918,1,0
FRBOL,50.72000,1.62000,1,0
FRCQF,50.95129,1.85869,1,0
FRDKK,51.03437,2.37678,1,0
FRDPE,49.92299,1.07748,1,0
FRFOS,43.43000,4.93000,1,0
FRHGT,47.76269,3.70240,1,0
FRHON,46.24757,5.13077,1,0
FRJAV,46.24757,5.13077,1,0
FRLCT,43.17365,5.60515,1,0
FRLEH,49.49437,0.10793,1,0
FRLPC,47.00000,-1.43000,1,0
FRLPE,46.16257,-1.20511,1,0
FRLRH,46.16033,-1.15114,1,0
FRLRT,47.74825,-3.37024,1,0
FRLTR,50.05917,1.38247,1,0
FRLVE,45.55000,-1.07000,1,0
FRMDH,48.64348,7.71444,1,0
FRMRS,43.30000,5.40000,1,0
FRMT7,44.62221,0.25769,1,0
FRMTX,47.33000,-2.15000,1,0
FRNTE,47.21837,-1.55362,1,0
FROR6,50.07879,3.68177,1,0
FRPAR,48.85661,2.35222,1,0
FRPIR,47.38000,-2.55000,1,0
FRPOV,42.52000,3.12000,1,0
FRSET,43.40788,3.70082,1,0
FRSNR,47.28000,-2.20000,1,0
FRTLN,43.12423,5.92800,1,0
FRURO,49.44323,1.09997,1,0
FRUSJ,43.95173,5.24185,1,0
GACLZ,-0.77265,8.78116,1,0
GALBV,0.41620,9.46727,1,0
GAOWE,0.33796,9.48328,1,0
GAPOG,-0.73510,8.75913,1,0
GBABD,57.13000,-2.10000,1,0
GBAVO,51.50000,-2.68000,1,0
GBBAD,51.38000,-3.25000,1,0
GBBDT,51.37000,1.42000,1,0
GBBEL,54.98000,-5.92000,1,0
GBBOC,51.62000,0.83000,1,0
GBBOE,53.47000,-3.02000,1,0
GBBOS,52.97894,-0.02658,1,0
GBBRK,53.40000,-3.03000,1,0
GBBRS,51.45451,-2.58791,1,0
GBBRT,54.08000,-0.20000,1,0
GBBRW,51.12789,-3.00363,1,0
GBCDF,51.50000,-3.20000,1,0
GBCFG,54.72619,-5.81012,1,0
GBCHD,56.59980,-3.00630,1,0
GBCYN,54.97000,-5.02000,1,0
GBDUN,56.50000,-2.97000,1,0
GBDVR,51.12788,1.31340,1,0
GBEDI,55.95000,-3.20000,1,0
GBELL,53.20683,-2.88740,1,0
GBEON,50.70531,-3.07187,1,0
GBFAL,50.15257,-5.06627,1,0
GBFAW,50.82681,-1.35023,1,0
GBFRB,57.68000,-2.02000,1,0
GBFXT,51.96173,1.35126,1,0
GBGCI,49.44820,-2.58949,1,0
GBGLW,55.83000,-4.25000,1,0
GBGOO,53.72000,-0.87000,1,0
GBGRG,56.00000,-3.72000,1,0
GBGRK,55.93000,-4.75000,1,0
GBGSY,53.53000,-0.50000,1,0
GBGTY,52.59823,1.72805,1,0
GBGVS,51.44188,0.37076,1,0
GBHRW,51.93473,1.26030,1,0
GBHUL,53.73000,-0.32000,1,0
GBIMM,53.60000,-0.22000,1,0
GBINK,56.03004,-3.39879,1,0
GBINV,57.47777,-4.22472,1,0
GBIPS,52.05674,1.14822,1,0
GBIRL,53.43000,-2.42000,1,0
GBKLN,52.75000,0.38000,1,0
GBLAN,54.04657,-2.80074,1,0
GBLGP,51.50000,0.48000,1,0
GBLIV,53.42000,-3.00000,1,0
GBLON,51.50735,-0.12776,1,0
GBMAL,51.73180,0.67145,1,0
GBMCD,57.67000,-2.48000,1,0
GBMID,54.57000,-1.15000,1,0
GBMNS,58.91635,-3.31081,1,0
GBMON,56.70000,-2.45000,1,0
GBMRY,54.71444,-3.49494,1,0
GBNCL,54.97000,-1.60000,1,0
GBNFT,51.44107,0.33694,1,0
GBNHV,50.79307,0.04557,1,0
GBNLN,53.83519,-2.21938,1,0
GBNPT,51.58119,-3.03059,1,0
GBPFT,51.48671,0.24331,1,0
GBPLY,50.40000,-4.12000,1,0
GBPME,50.81977,-1.08798,1,0
GBPOO,50.71505,-1.98725,1,0
GBPRE,53.75000,-2.72000,1,0
GBPRU,51.47000,-2.72000,1,0
GBPST,51.94448,1.25585,1,0
GBQUB,51.41729,0.74702,1,0
GBRYE,50.94971,0.73726,1,0
GBSCA,54.28311,-0.39975,1,0
GBSHS,51.44011,0.76416,1,0
GBSOU,50.90970,-1.40435,1,0
GBSOW,52.58000,-2.30000,1,0
GBSSH,54.98000,-1.42000,1,0
GBSUN,54.90000,-1.38000,1,0
GBSVT,51.50000,0.03000,1,0
GBSWA,51.63000,-3.97000,1,0
GBTEE,54.58000,-1.15000,1,0
GBTHP,51.27871,0.52173,1,0
GBTIL,51.46302,0.36050,1,0
GBTYN,55.00000,-1.43000,1,0
GBWDN,53.35000,-2.73000,1,0
GBWOR,54.64357,-3.54275,1,0
GBYVZ,51.74388,-2.27903,1,0
GDSTG,12.05610,-61.74880,1,0
GEBUS,41.61675,41.63675,1,0
GEPTI,42.15826,41.67137,1,0
GETBS,41.71514,44.82710,1,0
GFCAY,4.92242,-52.31345,1,0
GFDDC,4.85000,-52.27000,1,0
GHTEM,5.70892,0.01866,1,0
GHTKD,4.90158,-1.78310,1,0
GIGIB,36.14077,-5.35360,1,0
GMBJL,13.45488,-16.57903,1,0
GNCKY,9.64119,-13.57840,1,0
GPBBR,16.00000,-61.72000,1,0
GPGUS,17.89688,-62.84865,1,0
GPPTP,16.23769,-61.53404,1,0
GPSBH,16.25441,-61.53235,1,0
GQBSG,1.85332,9.77902,1,0
GQSSG,3.75041,8.73710,1,0
GRAST,38.53000,21.08000,1,0
GREEU,38.03000,23.53000,1,0
GRHER,35.33000,25.17000,1,0
GRPIR,37.93000,23.62000,1,0
GRRHO,36.43496,28.21748,1,0
GRSKG,40.63000,22.95000,1,0
GRVOL,39.37000,22.95000,1,0
GTCHR,14.30000,-91.92000,1,0
GTGUA,14.63491,-90.50688,1,0
GTPBR,15.69536,-88.58552,1,0
GTPRQ,13.93063,-90.75803,1,0
GTSTC,15.70000,-88.62000,1,0
GUGUM,13.44430,144.79373,1,0
GWOXB,11.85000,-15.58000,1,0
GYGEO,6.80128,-58.15513,1,0
HKHKG,22.39643,114.10950,1,0
HNAMP,13.29165,-87.65195,1,0
HNLCE,15.77029,-86.79190,1,0
HNPCA,16.01733,-85.95855,1,0
HNPCR,15.82507,-87.92858,1,0
HNRTB,16.30000,-86.55000,1,0
HNSLO,13.43262,-87.45544,1,0
HNTEA,15.77326,-87.46535,1,0
HRDBV,42.65000,18.08000,1,0
HRPLE,43.05000,17.43000,1,0
HRRJK,45.33000,14.40000,1,0
HRSPU,43.50000,16.45000,1,0
HTCAP,19.75000,-72.20000,1,0
HTPAP,18.59439,-72.30743,1,0
HUBUD,47.49791,19.04023,1,0
IDAMA,-4.86529,136.79761,1,0
IDBDJ,-3.31861,114.59438,1,0
IDBIT,1.13218,124.63034,1,0
IDBLW,3.78430,98.69422,1,0
IDBNT,0.29335,101.70683,1,0
IDBPN,-1.28000,116.83000,1,0
IDBTM,1.08283,104.03045,1,0
IDBUN,0.73620,101.81890,1,0
IDBUR,-1.24600,116.85664,1,0
IDCIG,-6.01187,105.98767,1,0
IDDJB,-1.61012,103.61312,1,0
IDDJJ,-2.59160,140.66900,1,0
IDJKT,-6.13000,106.83000,1,0
IDKAB,1.05000,104.13000,1,0
IDLBM,1.00000,104.27000,1,0
IDMAK,-5.12000,119.40000,1,0
IDMES,3.59520,98.67222,1,0
IDMRK,-5.93493,106.00646,1,0
IDPDG,-0.95000,100.35000,1,0
IDPJG,-5.46412,105.32190,1,0
IDPKU,0.50707,101.44778,1,0
IDPLM,-2.97607,104.77543,1,0
IDPNJ,-5.46412,105.32190,1,0
IDPNK,-0.02633,109.34250,1,0
IDPWG,0.63000,101.62000,1,0
IDSEQ,1.35014,102.07754,1,0
IDSRG,-6.97000,110.48000,1,0
IDSRI,-0.49482,117.14362,1,0
IDSUB,-7.23000,112.75000,1,0
IDTAB,-3.68000,114.42000,1,0
IDTBG,-5.44587,105.26702,1,0
IDTPP,-6.13206,106.87148,1,0
IDTTI,3.32629,99.15669,1,0
IDUPG,-5.07775,119.54948,1,0
IEDRO,53.71786,-6.35610,1,0
IEDUB,53.34981,-6.26031,1,0
IEFOV,52.61053,-9.10511,1,0
IEGWY,53.27067,-9.05679,1,0
IEKLN,51.70605,-8.52250,1,0
IEORK,51.89689,-8.48632,1,0
IEWAT,52.25000,-7.10000,1,0
ILASH,31.80438,34.65531,1,0
ILHAD,32.43405,34.91965,1,0
ILHFA,32.79405,34.98957,1,0
ILNAT,32.33000,34.87000,1,0
ILRMG,32.08000,34.80000,1,0
ILTLV,32.05000,34.75000,1,0
INAGR,27.17667,78.00807,1,0
INKAK,16.98910,82.24750,1,0
INAMD,23.03000,72.62000,1,0
INBLR,12.98000,77.58000,1,0
INBOM,18.97000,72.82000,1,0
INCCU,22.57000,88.35000,1,0
INCDL,11.74470,79.76802,1,0
INCJB,11.01684,76.95583,1,0
INCOK,9.97000,76.23000,1,0
INDAM,20.39737,72.83280,1,0
INDRI,28.57000,77.55000,1,0
INGOI,15.29933,74.12400,1,0
INHAL,22.06667,88.06981,1,0
INHYD,15.12838,79.17661,1,0
INICD,28.60000,77.20000,1,0
INIXE,12.91414,74.85596,1,0
INIXY,23.03000,70.22000,1,0
INJAI,26.92000,75.82000,1,0
INJDH,26.25000,73.03000,1,0
INKNU,26.44992,80.33187,1,0
INKRI,14.28860,80.12485,1,0
INLUH,30.90096,75.85728,1,0
INMAA,13.08000,80.28000,1,0
INMOR,28.83000,78.78000,1,0
INMRM,15.40000,73.78000,1,0
INMUN,22.83952,69.72133,1,0
INNAG,21.14580,79.08815,1,0
INNSA,18.94972,72.95049,1,0
INPAP,29.39095,76.96350,1,0
INPAV,20.97000,71.55000,1,0
INPIR,22.61325,75.68229,1,0
INPNQ,18.52043,73.85674,1,0
INSTV,21.17000,72.83000,1,0
INTUT,8.78000,78.13000,1,0
INVTZ,17.70000,83.30000,1,0
INVVA,20.91590,70.36285,1,0
IQUQR,30.03000,47.93000,1,0
IRBKM,30.43000,49.10000,1,0
IRBND,27.18000,56.27000,1,0
IRBUZ,28.97000,50.83000,1,0
IRKHO,30.42562,48.18912,1,0
IRZBR,25.29688,60.64593,1,0
ISESK,-14.05390,65.07265,1,0
ISGRT,64.36038,-21.77581,1,0
ISREY,64.15000,-21.95000,1,0
ITAOI,43.63000,13.50000,1,0
ITAUG,37.22000,15.22000,1,0
ITBRI,41.13000,16.85000,1,0
ITCAG,39.22000,9.12000,1,0
ITCRV,39.08000,17.13000,1,0
ITCTA,37.50000,15.10000,1,0
ITCVV,42.10000,11.80000,1,0
ITFAE,44.28985,11.87741,1,0
ITGAE,41.20000,13.58000,1,0
ITGIT,38.42000,15.90000,1,0
ITGOA,44.42000,8.95000,1,0
ITLIV,43.55000,10.32000,1,0
ITMIL,45.46542,9.18592,1,0
ITMNF,45.80505,13.53317,1,0
ITMOD,44.64713,10.92523,1,0
ITNAP,40.83000,14.25000,1,0
ITPDA,45.40643,11.87676,1,0
ITPES,43.90000,12.92000,1,0
ITPGA,44.67807,12.23957,1,0
ITPMO,38.12000,13.37000,1,0
ITPRJ,40.55000,14.23000,1,0
ITPSR,42.47000,14.23000,1,0
ITPVE,39.20000,8.38000,1,0
ITRAN,44.41836,12.20353,1,0
ITSAL,40.68244,14.76810,1,0
ITSPE,44.12000,9.83000,1,0
ITSVN,44.28000,8.50000,1,0
ITTAR,40.48000,17.23000,1,0
ITTPS,38.02000,12.48000,1,0
ITTRN,45.07031,7.68686,1,0
ITTRS,45.64953,13.77682,1,0
ITVCE,45.43000,12.33000,1,0
ITVDL,44.27000,8.45000,1,0
ITVIA,43.86573,10.25131,1,0
JMKIN,18.04233,-76.80289,1,0
JMMBJ,18.47622,-77.89389,1,0
JMOCJ,18.40568,-77.09674,1,0
JMPKS,17.89398,-77.13198,1,0
JOAQJ,29.53000,35.00000,1,0
JPABU,31.58298,131.40416,1,0
JPAOJ,40.82207,140.74736,1,0
JPAXT,39.72001,140.10256,1,0
JPCHB,35.60727,140.10629,1,0
JPFKY,34.48590,133.36231,1,0
JPHHE,40.51228,141.48840,1,0
JPHIB,34.45748,133.92214,1,0
JPHIC,36.39661,140.53468,1,0
JPHIJ,34.38520,132.45529,1,0
JPHIM,34.81515,134.68535,1,0
JPHKD,41.76879,140.72881,1,0
JPHKT,33.60000,130.42000,1,0
JPHMD,34.89930,132.07978,1,0
JPHMM,34.71083,137.72613,1,0
JPHSM,32.42752,131.66902,1,0
JPHTC,36.59915,140.65147,1,0
JPIHA,33.96029,133.28335,1,0
JPIMB,34.06610,132.99786,1,0
JPIMI,33.26459,129.88027,1,0
JPISG,24.33000,124.15000,1,0
JPISI,43.17138,141.31552,1,0
JPISM,38.43448,141.30292,1,0
JPISS,32.05000,130.60000,1,0
JPIWK,34.16656,132.21885,1,0
JPIYM,33.84162,132.76568,1,0
JPKCZ,33.55880,133.53117,1,0
JPKGA,34.75695,134.84118,1,0
JPKIJ,37.91619,139.03641,1,0
JPKMJ,32.80310,130.70789,1,0
JPKND,33.59035,130.40172,1,0
JPKNU,35.18019,136.90656,1,0
JPKNZ,36.56133,136.65621,1,0
JPKOJ,31.59655,130.55712,1,0
JPKRE,34.24925,132.56580,1,0
JPKSM,35.96576,140.64481,1,0
JPKUH,42.98485,144.38136,1,0
JPKWS,35.53091,139.70305,1,0
JPKZU,35.60727,140.10629,1,0
JPMAI,35.01164,135.76803,1,0
JPMII,33.04975,130.48019,1,0
JPMOJ,33.90000,130.97000,1,0
JPMUR,42.31523,140.97380,1,0
JPMYJ,33.83916,132.76558,1,0
JPNAH,26.21231,127.67916,1,0
JPNAN,34.00000,131.53000,1,0
JPNAO,37.18586,138.25504,1,0
JPNAS,34.45970,133.99569,1,0
JPNGO,35.18145,136.90640,1,0
JPNGS,32.75029,129.87767,1,0
JPOIT,33.23956,131.60927,1,0
JPOKA,26.33443,127.80558,1,0
JPOMZ,34.63799,138.12813,1,0
JPONA,36.94909,140.90559,1,0
JPONO,34.40888,133.20489,1,0
JPOSA,34.67000,135.50000,1,0
JPOTK,34.23798,132.22248,1,0
JPSAG,33.24895,131.87552,1,0
JPSBS,31.49544,131.04534,1,0
JPSDJ,38.13000,140.92000,1,0
JPSDS,38.26884,140.87210,1,0
JPSDU,35.60727,140.10629,1,0
JPSEN,31.82000,130.25000,1,0
JPSHS,33.95783,130.94146,1,0
JPSKD,34.31632,133.86051,1,0
JPSKM,34.69127,135.18307,1,0
JPSKT,38.91443,139.83652,1,0
JPSMA,37.79662,140.91947,1,0
JPSMN,35.53959,133.23149,1,0
JPSMZ,35.01589,138.48953,1,0
JPTAK,34.34279,134.04657,1,0
JPTBT,33.88000,130.83000,1,0
JPTGO,34.97556,138.38276,1,0
JPTHS,35.18019,136.90656,1,0
JPTKS,34.07027,134.55484,1,0
JPTKY,34.06475,131.81444,1,0
JPTMI,33.07218,131.86128,1,0
JPTMK,42.63430,141.60537,1,0
JPTND,34.07489,131.76005,1,0
JPTOK,42.91500,143.69100,1,0
JPTOS,36.69595,137.21368,1,0
JPTOY,36.69595,137.21368,1,0
JPTRG,35.64524,136.05544,1,0
JPTYO,35.68000,139.75000,1,0
JPUBJ,33.95151,131.24679,1,0
JPUKB,34.68000,135.17000,1,0
JPUNT,26.68177,128.00331,1,0
JPWAK,34.23051,135.17081,1,0
JPYAT,32.50744,130.60174,1,0
JPYKK,34.96516,136.62448,1,0
JPYOK,35.45000,139.65000,1,0
JPYOS,35.28000,139.67000,1,0
JPYWT,33.85000,130.80000,1,0
KEMBA,-4.04348,39.66821,1,0
KENBO,-1.29207,36.82195,1,0
KHKOS,10.60000,103.52000,1,0
KHPNH,11.54487,104.89217,1,0
KITRW,1.32905,172.97905,1,0
KMMUT,-12.15000,44.38000,1,0
KMYVA,-11.71722,43.24731,1,0
KNBAS,17.30261,-62.71769,1,0
KNNEV,17.15000,-62.58000,1,0
KPCHO,41.76697,129.72340,1,0
KPWON,39.15385,127.44600,1,0
KRCHA,33.50000,126.52000,1,0
KRCHF,35.13000,128.65000,1,0
KRCHG,36.00000,126.68000,1,0
KRCHO,36.80000,127.15000,1,0
KRCHU,36.97000,127.92000,1,0
KRCHW,35.22000,128.67000,1,0
KRCWO,36.63000,127.48000,1,0
KRGYG,37.65000,126.82000,1,0
KRHIN,35.17000,128.08000,1,0
KRHYG,35.52000,127.72000,1,0
KRHYP,35.68000,128.43000,1,0
KRICH,37.47679,126.61690,1,0
KRINC,37.45000,126.62000,1,0
KRJEO,35.57000,126.85000,1,0
KRJGE,34.90000,128.68000,1,0
KRJHG,34.67000,126.90000,1,0
KRKAN,34.93000,127.70000,1,0
KRKJE,34.85000,128.58000,1,0
KRKMC,36.12000,128.10000,1,0
KRKPO,36.03000,129.37000,1,0
KRKUM,36.12000,128.33000,1,0
KRKUV,35.98000,126.72000,1,0
KRKWJ,35.15000,126.90000,1,0
KRKWU,37.40000,127.25000,1,0
KRMAS,35.20000,128.57000,1,0
KRMOK,34.80000,126.38000,1,0
KRNYJ,34.72000,127.33000,1,0
KRNYU,37.63000,127.20000,1,0
KROKP,34.88000,128.70000,1,0
KRONS,35.43000,129.35000,1,0
KRPUS,35.13000,129.05000,1,0
KRSCP,34.92000,128.07000,1,0
KRSEL,37.52000,126.93000,1,0
KRSSA,36.78000,126.45000,1,0
KRTAE,35.87000,128.58000,1,0
KRTJN,36.32000,127.42000,1,0
KRTYG,34.83000,128.42000,1,0
KRUSN,35.53000,129.32000,1,0
KRYES,36.68000,126.83000,1,0
KRYOS,34.75000,127.72000,1,0
KWKWI,29.37586,47.97741,1,0
KWSAA,29.03000,48.13000,1,0
KWSWK,29.36719,47.96709,1,0
KYGCM,19.28000,-81.35000,1,0
KYGEC,19.30000,-81.38000,1,0
LBBEY,33.83000,35.48000,1,0
LBKYE,34.43809,35.83084,1,0
LCCAS,14.02000,-60.97000,1,0
LCSLU,13.70000,-60.93000,1,0
LCVIF,13.72061,-60.94964,1,0
LKCMB,6.92000,79.85000,1,0
LRMLW,6.30000,-10.80000,1,0
LTKLJ,55.70329,21.14428,1,0
LVAIZ,57.69488,25.27645,1,0
LVRIX,56.96103,24.09353,1,0
LVSAL,57.70696,24.49239,1,0
LVVNT,57.28337,21.85876,1,0
LYBEN,32.09477,20.18791,1,0
LYKHO,32.65000,14.27000,1,0
LYMRA,32.31968,15.10251,1,0
LYTIP,32.88721,13.19134,1,0
MAAGA,30.42775,-9.59811,1,0
MACAS,33.58000,-7.60000,1,0
MAELJ,33.25000,-8.50000,1,0
MAMOH,33.68351,-7.38485,1,0
MANNA,34.25405,-6.58902,1,0
MAPTM,35.74077,-5.79073,1,0
MASFI,32.30082,-9.22720,1,0
MATNG,35.78000,-5.82000,1,0
MCMON,43.73741,7.42082,1,0
MDGIU,45.47000,28.18000,1,0
MEBAR,42.08000,19.08000,1,0
MGDIE,-12.32313,49.29428,1,0
MGEHL,-25.10000,46.95000,1,0
MGMJN,-15.69215,46.33369,1,0
MGNOS,-13.33000,48.25000,1,0
MGTLE,-23.35162,43.68549,1,0
MGTMM,-18.14428,49.39578,1,0
MGTOA,-18.14428,49.39578,1,0
MHMAJ,7.10000,171.38000,1,0
MLBKO,12.63923,-8.00289,1,0
MMRGN,16.86607,96.19513,1,0
MOMFM,22.20000,113.53000,1,0
MPSPN,15.17780,145.75097,1,0
MQFDF,14.61606,-61.05878,1,0
MRNDB,20.94252,-17.03623,1,0
MRNKC,18.07353,-15.95824,1,0
MTMAR,35.83000,14.53000,1,0
MTMGZ,35.89050,14.41993,1,0
MTMLA,35.88000,14.50000,1,0
MUPLU,-20.16690,57.50233,1,0
MVMLE,4.17000,73.50000,1,0
MWBLZ,-15.76667,35.01679,1,0
MXACA,16.85000,-99.87000,1,0
MXATM,22.40000,-97.92000,1,0
MXCOA,18.13000,-94.40000,1,0
MXESE,31.85000,-116.60000,1,0
MXGYM,27.92000,-110.88000,1,0
MXMEX,19.43000,-99.13000,1,0
MXPGO,21.27000,-89.65000,1,0
MXPMS,20.83000,-86.87000,1,0
MXREX,26.08000,-98.28000,1,0
MXSCX,16.17000,-95.18000,1,0
MXTAM,22.25000,-97.87000,1,0
MXTPB,25.60000,-109.05000,1,0
MXVER,19.20000,-96.08000,1,0
MXZLO,19.05000,-104.30000,1,0
MYBKI,5.98041,116.07346,1,0
MYBTU,3.17132,113.04191,1,0
MYBWH,5.41051,100.37084,1,0
MYJHB,1.49266,103.74136,1,0
MYKCH,1.60768,110.37854,1,0
MYKUA,3.96083,103.43000,1,0
MYLBU,5.28315,115.23082,1,0
MYMEP,2.43092,103.83612,1,0
MYMKZ,2.18959,102.25009,1,0
MYMUA,2.06305,102.58487,1,0
MYMYY,4.39949,113.99138,1,0
MYPEN,5.41630,100.32337,1,0
MYPGU,1.47029,103.90297,1,0
MYPKG,3.00000,101.40000,1,0
MYSBW,2.28728,111.83053,1,0
MYSDK,5.83944,118.11717,1,0
MYTBA,4.59333,113.97694,1,0
MYTGG,5.32962,103.13701,1,0
MYTPP,1.37000,103.55000,1,0
MYTWU,4.24465,117.89119,1,0
MYWSP,2.95000,101.30000,1,0
MZBEW,-19.79638,34.88449,1,0
MZMNC,-14.56561,40.68543,1,0
MZMPM,-25.89197,32.60514,1,0
MZPOL,-12.97320,40.51780,1,0
MZUEL,-17.85026,36.92186,1,0
NALUD,-26.65000,15.17000,1,0
NAWVB,-22.93896,14.52475,1,0
NCNOU,-22.27000,166.45000,1,0
NGAPP,6.45528,3.36408,1,0
NGCBQ,4.97572,8.34170,1,0
NGLOS,6.52438,3.37921,1,0
NGONN,4.72000,7.15000,1,0
NGPHC,4.81555,7.04984,1,0
NGTIN,6.43348,3.34291,1,0
NGWAR,5.55440,5.79320,1,0
NICIO,12.49074,-87.17843,1,0
NIMGA,12.11499,-86.23617,1,0
NLALK,52.63238,4.75338,1,0
NLAMS,52.37022,4.89517,1,0
NLBZM,51.50000,4.30000,1,0
NLDOR,51.81330,4.69009,1,0
NLEEM,53.43859,6.83549,1,0
NLGRQ,53.21938,6.56650,1,0
NLHVH,51.98063,4.13418,1,0
NLIJM,52.47000,4.60000,1,0
NLMOE,51.70182,4.62735,1,0
NLRTM,51.92000,4.50000,1,0
NLTNZ,51.33229,3.83243,1,0
NLVEL,52.45206,4.63059,1,0
NLVLA,51.91207,4.34944,1,0
NLVLI,51.45367,3.57091,1,0
NLZAA,52.44204,4.82920,1,0
NLZEW,52.35000,5.55000,1,0
NOAAV,60.42000,6.42000,1,0
NOAES,62.47000,6.15000,1,0
NOAGO,60.40000,5.02000,1,0
NOAND,62.57000,7.70000,1,0
NOASV,60.10000,5.15000,1,0
NOBGO,60.38000,5.32000,1,0
NOBOO,67.28000,14.37000,1,0
NOBVK,59.05000,9.70000,1,0
NODRM,59.73000,10.23000,1,0
NOEGD,58.37301,5.89917,1,0
NOFKG,60.51194,5.23971,1,0
NOFRK,59.20000,10.92000,1,0
NOFRO,61.60000,5.02000,1,0
NOFUS,60.20000,5.62000,1,0
NOGJM,62.95103,7.76289,1,0
NOHAL,59.10000,11.37000,1,0
NOHAU,59.40000,5.25000,1,0
NOHES,63.56377,9.19316,1,0
NOHLA,59.60000,9.18000,1,0
NOHOG,67.13000,15.02000,1,0
NOHOY,59.23000,10.45000,1,0
NOHRI,62.37000,6.03000,1,0
NOHRY,59.12000,9.62000,1,0
NOHUS,59.87000,5.77000,1,0
NOHVI,59.30000,5.32000,1,0
NOIKR,62.38000,6.55000,1,0
NOKMY,59.27678,5.26340,1,0
NOKRS,58.13000,7.98000,1,0
NOKRV,60.37000,5.15000,1,0
NOKSU,63.10000,7.73000,1,0
NOLAR,59.03000,10.02000,1,0
NOLND,58.13790,7.07044,1,0
NOMAY,61.93000,5.10000,1,0
NOMOL,62.73000,7.15000,1,0
NOMON,60.82000,5.02000,1,0
NOMQN,66.32000,14.13000,1,0
NOMSS,59.42000,10.65000,1,0
NOODD,60.07000,6.53000,1,0
NOORK,63.32000,9.83000,1,0
NOOSL,59.90000,10.73000,1,0
NOPOR,59.13000,9.63000,1,0
NOSAD,59.12000,10.22000,1,0
NOSAU,59.63000,6.35000,1,0
NOSKE,59.20000,9.60000,1,0
NOSKX,63.70000,11.15000,1,0
NOSLX,68.70000,15.42000,1,0
NOSPG,59.27000,11.10000,1,0
NOSRP,59.75000,5.48000,1,0
NOSTM,67.35000,15.60000,1,0
NOSUN,62.67000,8.55000,1,0
NOSVE,61.77000,5.28000,1,0
NOSVG,58.97000,5.75000,1,0
NOTAE,58.92000,5.58000,1,0
NOTON,59.25000,10.42000,1,0
NOTOS,69.67000,18.97000,1,0
NOTRD,63.43000,10.40000,1,0
NZAKL,-36.83000,174.80000,1,0
NZBLU,-46.60000,168.32000,1,0
NZCHC,-43.53000,172.63000,1,0
NZDUD,-45.87000,170.50000,1,0
NZHLZ,-37.78000,175.28000,1,0
NZLYT,-43.60000,172.72000,1,0
NZMNR,-43.54420,172.59094,1,0
NZNPE,-39.47000,176.90000,1,0
NZNPL,-39.05000,174.02000,1,0
NZNSN,-41.25000,173.27000,1,0
NZPMR,-40.35231,175.60821,1,0
NZPOE,-45.82000,170.60000,1,0
NZTIU,-44.38000,171.25000,1,0
NZTKA,-44.25000,171.27000,1,0
NZTRG,-37.68000,176.17000,1,0
NZWAG,-39.93000,174.98000,1,0
NZWLG,-41.27000,174.78000,1,0
NZWRE,-35.83000,174.48000,1,0
OMMCT,23.58589,58.40592,1,0
OMMNQ,23.62000,58.57000,1,0
OMOPQ,23.62755,58.56152,1,0
OMSLL,17.05067,54.10659,1,0
OMSOH,24.34610,56.70751,1,0
PAAML,8.31176,-82.92864,1,0
PABLB,8.96140,-79.56315,1,0
PACFZ,9.35000,-79.90000,1,0
PACSO,9.36899,-79.87991,1,0
PACTB,9.35000,-79.90000,1,0
PACTD,7.95231,-80.43822,1,0
PACZZ,8.13000,-80.70000,1,0
PAMIT,7.53333,-81.16667,1,0
PAONX,9.35000,-79.87000,1,0
PAPSA,8.95939,-79.58844,1,0
PAPTY,8.97000,-79.53000,1,0
PEATI,-16.22833,-73.60965,1,0
PECHM,-9.06334,-78.58901,1,0
PECLL,-12.05085,-77.12598,1,0
PEGSM,-12.19759,-76.92425,1,0
PEHCO,-11.12272,-77.61057,1,0
PEILQ,-17.66808,-71.34681,1,0
PEIQT,-3.74367,-73.25163,1,0
PELOB,-4.45644,-81.28216,1,0
PEMRI,-17.00541,-72.10014,1,0
PEPAC,-7.40401,-79.56508,1,0
PEPAI,-5.09385,-81.09622,1,0
PEPCH,-7.84799,-79.14074,1,0
PEPIO,-13.71346,-76.18417,1,0
PESNX,-6.38671,-77.50533,1,0
PESUP,-10.79875,-77.71373,1,0
PESVY,-8.21412,-78.97690,1,0
PETYL,-4.58115,-81.26290,1,0
PFPPT,-17.55163,-149.55848,1,0
PGLAE,-6.71553,146.99991,1,0
PGMAG,-5.22188,145.78563,1,0
PGPOM,-9.44380,147.18027,1,0
PGRAB,-4.19996,152.16446,1,0
PHCEB,10.31570,123.88544,1,0
PHCGY,8.45424,124.63190,1,0
PHDVO,7.19071,125.45534,1,0
PHGES,6.12000,125.15000,1,0
PHIGN,8.22802,124.24524,1,0
PHISB,6.70294,121.96900,1,0
PHMLS,12.87972,121.77402,1,0
PHMNI,10.99552,125.63689,1,0
PHMNL,14.59951,120.98422,1,0
PHMNN,14.61611,120.95667,1,0
PHMNS,14.57583,120.96917,1,0
PHOZC,8.16241,123.77412,1,0
PHPSL,18.16473,120.71156,1,0
PHSFS,14.79106,120.23973,1,0
PHZAM,6.92144,122.07903,1,0
PKBQM,24.85501,67.01527,1,0
PKKHI,24.86146,67.00994,1,0
PLGDN,54.35203,18.64664,1,0
PLGDY,54.50000,18.55000,1,0
PLSWI,53.90000,14.25000,1,0
PLSZZ,53.42854,14.55281,1,0
PRBQN,18.42745,-67.15407,1,0
PRMAZ,18.20135,-67.14515,1,0
PRPNU,18.41732,-66.08274,1,0
PRPSE,18.01108,-66.61406,1,0
PRSJU,18.45000,-66.08000,1,0
PTADH,38.65000,-27.22000,1,0
PTCNL,32.73000,-16.73000,1,0
PTENT,39.47000,-8.47000,1,0
PTFDF,40.15000,-8.87000,1,0
PTFNC,32.63000,-16.90000,1,0
PTHOR,38.53000,-28.63000,1,0
PTLEI,41.18000,-8.68000,1,0
PTLIS,38.72000,-9.13000,1,0
PTOPO,41.15000,-8.62000,1,0
PTPDL,37.73000,-25.67000,1,0
PTPRV,38.73000,-27.07000,1,0
PTSET,38.53000,-8.90000,1,0
PTSIE,37.95000,-8.87000,1,0
PTTER,38.72000,-27.22000,1,0
PTVDC,41.70000,-8.83000,1,0
PYASU,-25.27000,-57.67000,1,0
PYBCM,-25.22000,-57.55000,1,0
PYFNX,-25.26374,-57.57593,1,0
PYPIL,-26.86343,-58.29185,1,0
PYPSE,-25.16667,-57.55000,1,0
PYSAN,-25.42001,-57.54761,1,0
PYTER,-25.38000,-57.63000,1,0
QADOH,25.35214,51.49399,1,0
QAMES,25.63000,51.92000,1,0
QAUMS,24.98000,51.53000,1,0
RELPT,-20.92000,55.30000,1,0
REPDG,55.28561,-20.92392,1,0
REREU,-20.88000,55.53000,1,0
RERUN,-20.88000,55.53000,1,0
ROAGI,44.08000,28.62000,1,0
ROBRA,45.27000,27.98000,1,0
ROCND,44.18000,28.65000,1,0
ROGAL,45.43000,28.05000,1,0
ROMAG,43.81524,28.57415,1,0
RUARH,64.54725,40.56016,1,0
RUGDX,59.56115,150.83014,1,0
RUKGD,54.71043,20.45221,1,0
RUKHO,47.05000,142.05000,1,0
RUKOR,46.63538,142.78419,1,0
RUKRR,45.03927,38.98722,1,0
RULED,59.88000,30.25000,1,0
RUMMK,68.95852,33.08266,1,0
RUNJK,42.82228,132.88340,1,0
RUNVS,44.72000,37.77000,1,0
RUPTP,56.13214,103.94863,1,0
RUROV,47.23571,39.70150,1,0
RUTAG,47.24163,38.86760,1,0
RUVVO,43.17374,132.00645,1,0
RUVYG,60.71395,28.75716,1,0
RUVYP,42.77000,133.05000,1,0
RWKGL,-1.95788,30.11274,1,0
SADMM,26.42000,50.10000,1,0
SADMN,26.39267,49.97771,1,0
SAJED,21.28541,39.23755,1,0
SAJUB,26.95977,49.56874,1,0
SAKAC,22.40000,39.08000,1,0
SARUH,24.74940,46.90284,1,0
SBHIR,-9.44564,159.97290,1,0
SBNOR,-8.24099,157.19988,1,0
SCMAW,-4.68267,55.48040,1,0
SCPOV,-4.61667,55.48333,1,0
SDPZU,19.59035,37.19016,1,0
SEAHU,55.92504,14.29799,1,0
SEFAG,56.90273,12.48880,1,0
SEGOT,57.72000,11.97000,1,0
SEGVX,60.67488,17.14127,1,0
SEHAD,56.67437,12.85779,1,0
SEHEL,56.04647,12.69451,1,0
SEKAN,56.17030,14.86307,1,0
SEKSD,59.40218,13.51150,1,0
SELAA,55.87035,12.83008,1,0
SEMMA,55.60000,13.00000,1,0
SENRK,58.58774,16.19242,1,0
SEOSK,57.26570,16.44740,1,0
SEOXE,58.67017,17.10373,1,0
SESDL,62.38000,17.30000,1,0
SESFT,64.75024,20.95092,1,0
SESKE,64.68610,21.23613,1,0
SESOE,59.20000,17.62000,1,0
SESTO,59.32932,18.06858,1,0
SETRG,55.37624,13.15742,1,0
SEUDD,58.34980,11.93565,1,0
SEUME,63.83000,20.25000,1,0
SEVST,59.60990,16.54481,1,0
SGJUR,1.33000,103.70000,1,0
SGSIN,1.28009,103.85095,1,0
SIKOP,45.54806,13.73019,1,0
SKBTS,48.15000,17.12000,1,0
SLFNA,8.46568,-13.23172,1,0
SNDKR,14.76450,-17.36603,1,0
SOBBO,10.43479,45.01399,1,0
SOKMU,-0.35605,42.54606,1,0
SOMGQ,2.04693,45.31816,1,0
SRPBM,5.85204,-55.20383,1,0
STTMS,0.26026,6.62106,1,0
SVAQJ,13.59570,-89.82709,1,0
SVLLD,13.48000,-89.32000,1,0
SVLUN,13.33235,-87.85006,1,0
SVSAL,13.69294,-89.21819,1,0
SYDAM,33.51381,36.27653,1,0
SYLTK,35.52000,35.78000,1,0
SYTTS,34.90000,35.90000,1,0
TCPLS,21.77377,-72.27191,1,0
TGLFW,6.17250,1.23136,1,0
THBGP,13.72552,100.65417,1,0
THBKK,13.75000,100.52000,1,0
THBMT,13.60000,100.58000,1,0
THKSI,13.14992,100.80847,1,0
THKTY,13.72000,100.57000,1,0
THLCH,13.08000,100.88000,1,0
THMAT,13.69350,100.53136,1,0
THPAT,13.70000,100.57000,1,0
THPKN,15.90504,103.16751,1,0
THSBP,13.65000,100.55000,1,0
THSGZ,7.20000,100.60000,1,0
THSPR,13.59910,100.59983,1,0
THSRI,13.13366,100.87508,1,0
TNGAE,33.88000,10.12000,1,0
TNJAR,33.50000,-11.10000,1,0
TNLGN,36.82002,10.30208,1,0
TNRDS,36.77000,10.27000,1,0
TNSFA,34.74785,10.76616,1,0
TNSUS,35.82560,10.60839,1,0
TNTUN,36.80649,10.18153,1,0
TOTBU,-21.13000,-175.20000,1,0
TRALI,38.79956,26.97074,1,0
TRAMB,41.32000,41.68000,1,0
TRAVC,40.97000,28.70000,1,0
TRAYT,36.89689,30.71332,1,0
TRBAY,41.04815,28.90046,1,0
TRBDM,40.35000,27.97000,1,0
TREYP,40.77000,29.70000,1,0
TRGEB,40.78000,29.42000,1,0
TRGEM,40.43182,29.15542,1,0
TRHAY,41.00463,29.01140,1,0
TRHER,40.79377,29.62602,1,0
TRISK,36.58467,36.17562,1,0
TRIST,41.00824,28.97836,1,0
TRIZM,38.42000,27.15000,1,0
TRIZT,40.78000,29.95000,1,0
TRKMX,40.95000,28.82000,1,0
TRMAD,41.02000,28.95000,1,0
TRMAR,41.04145,27.90147,1,0
TRMER,36.72000,34.63000,1,0
TRNEM,38.42373,27.14283,1,0
TRSSX,41.27970,36.33607,1,0
TRTEK,40.97809,27.51167,1,0
TRTZX,41.00270,39.71676,1,0
TRYAR,40.77159,29.72717,1,0
TTPOS,10.65000,-61.52000,1,0
TTPTP,10.31554,-61.45960,1,0
TTPTS,10.40570,-61.46307,1,0
TTSFE,10.29059,-61.44938,1,0
TWKEL,25.13333,121.75000,1,0
TWKHH,22.62728,120.30144,1,0
TWMLI,23.10000,120.13000,1,0
TWSUO,24.59423,121.85333,1,0
TWTXG,24.14774,120.67365,1,0
TWTYN,24.99363,121.30098,1,0
TZDAR,-6.80000,39.28000,1,0
TZTGT,-5.08888,39.10232,1,0
TZZNZ,-6.16592,39.20264,1,0
UAIEV,50.45010,30.52340,1,0
UAILK,46.30000,30.67000,1,0
UAKHE,46.63542,32.61687,1,0
UAMPW,47.10000,37.55000,1,0
UAODS,46.48253,30.72331,1,0
UASVP,44.60000,33.53000,1,0
UGJIN,0.44786,33.20261,1,0
UGKLA,0.34760,32.58252,1,0
USADQ,57.79000,-152.40722,1,0
USANC,61.21806,-149.90028,1,0
USANP,38.97845,-76.49218,1,0
USAR5,35.36730,-92.40960,1,0
USATL,33.74900,-84.38798,1,0
USBAL,39.28000,-76.62000,1,0
USBCC,60.16417,-149.39500,1,0
USBNA,36.16266,-86.78160,1,0
USBOS,42.36008,-71.05888,1,0
USBPT,30.08017,-94.12656,1,0
USBRO,25.90000,-97.48000,1,0
USBUF,42.88645,-78.87837,1,0
USCHA,35.03000,-85.30000,1,0
USCHI,41.87811,-87.62980,1,0
USCHS,32.77647,-79.93105,1,0
USCLE,41.50000,-81.67000,1,0
USCLM,48.11815,-123.43074,1,0
USCLT,35.22709,-80.84313,1,0
USCMH,39.96118,-82.99879,1,0
USCPV,28.39222,-80.60771,1,0
USCRP,27.80058,-97.39638,1,0
USCVG,39.10312,-84.51202,1,0
USCZF,61.81222,-166.09778,1,0
USDA8,40.36731,-76.93109,1,0
USDAL,32.77666,-96.79699,1,0
USDEC,39.84031,-88.95480,1,0
USDEN,39.73924,-104.99025,1,0
USDET,42.32000,-83.03000,1,0
USDNN,34.76980,-84.97022,1,0
USDSM,41.60054,-93.60911,1,0
USDUT,53.88980,-166.54220,1,0
USELP,31.75000,-106.48000,1,0
USENA,60.55444,-151.25833,1,0
USEWR,40.73000,-74.17000,1,0
USFEB,30.67000,-81.45000,1,0
USFLL,26.12000,-80.13000,1,0
USFPO,28.95414,-95.35966,1,0
USFRP,57.87420,-135.01604,1,0
USFWT,32.75549,-97.33077,1,0
USGLS,29.30135,-94.79770,1,0
USGPT,30.36742,-89.09282,1,0
USHNL,21.30000,-157.85000,1,0
USHOU,29.75000,-95.35000,1,0
USHSV,34.73037,-86.58610,1,0
USILM,34.22000,-77.93000,1,0
USIND,39.77000,-86.15000,1,0
USJ3C,42.31346,-122.96699,1,0
USJAX,30.33218,-81.65565,1,0
USKCK,39.11405,-94.62746,1,0
USLAS,36.07000,-115.15000,1,0
USLAT,33.80307,-118.07256,1,0
USLAX,34.05223,-118.24368,1,0
USLCH,30.22659,-93.21738,1,0
USLGB,33.77000,-118.18000,1,0
USLRD,27.50000,-99.48000,1,0
USLUI,38.23000,-85.77000,1,0
USMEM,35.14953,-90.04898,1,0
USMES,44.97775,-93.26501,1,0
USMIA,25.76168,-80.19179,1,0
USMKC,39.10000,-94.57000,1,0
USMKE,43.03890,-87.90647,1,0
USMOB,30.69537,-88.03989,1,0
USMRH,34.72294,-76.72604,1,0
USMSP,44.88000,-93.20000,1,0
USMSY,29.95107,-90.07153,1,0
USNNS,36.97000,-76.42000,1,0
USNTD,34.13000,-119.18000,1,0
USNTS,32.85462,-79.97481,1,0
USNYC,40.70000,-74.00000,1,0
USOAK,37.80436,-122.27111,1,0
USOCN,33.19587,-117.37948,1,0
USOCW,35.54655,-77.05217,1,0
USOLM,47.03787,-122.90070,1,0
USOMA,41.25236,-95.99799,1,0
USORF,36.85077,-76.28587,1,0
USORL,28.53000,-81.37000,1,0
USOYM,32.57000,-117.02000,1,0
USPAB,26.70562,-80.03643,1,0
USPCA,58.90611,-157.71750,1,0
USPCV,28.24000,-80.36000,1,0
USPDX,45.52306,-122.67648,1,0
USPEB,39.30000,-74.97000,1,0
USPEF,26.10000,-80.13000,1,0
USPFN,30.15881,-85.66021,1,0
USPGL,30.36576,-88.55613,1,0
USPHF,37.12000,-76.48000,1,0
USPHL,39.95258,-75.16522,1,0
USPHX,33.44838,-112.07404,1,0
USPIA,40.69365,-89.58899,1,0
USPIT,40.44062,-79.99589,1,0
USPME,27.63000,-82.55000,1,0
USPNS,30.42131,-87.21691,1,0
USPOA,29.88000,-93.92000,1,0
USPPS,39.95000,-75.05000,1,0
USPS6,45.36413,-89.01650,1,0
USPTM,36.83543,-76.29827,1,0
USPVD,41.82399,-71.41283,1,0
USPWM,43.66147,-70.25533,1,0
USPWN,32.14909,-81.16317,1,0
USPYM,41.95845,-70.66726,1,0
USRAJ,42.78702,-73.97096,1,0
USRBC,26.77534,-80.05810,1,0
USRIC,37.55000,-77.45000,1,0
USSAC,38.57000,-121.48000,1,0
USSAN,32.70000,-117.15000,1,0
USSAV,32.08354,-81.09983,1,0
USSCK,37.95000,-121.28000,1,0
USSEA,47.60621,-122.33207,1,0
USSFO,37.77493,-122.41942,1,0
USSLC,40.76078,-111.89105,1,0
USSPT,44.88000,-93.05000,1,0
USSSI,31.14995,-81.49149,1,0
USSTL,38.62700,-90.19940,1,0
USSTP,44.95370,-93.08996,1,0
USSUE,44.83416,-87.37704,1,0
USSUW,46.72077,-92.10408,1,0
USSWF,41.50343,-74.01042,1,0
USSXZ,42.95000,-83.82000,1,0
USTIW,47.25288,-122.44429,1,0
USTMM,37.23505,-89.27008,1,0
USTOL,41.66394,-83.55521,1,0
USTPA,27.95058,-82.45718,1,0
USTSA,35.22480,-88.24920,1,0
USTUL,36.15398,-95.99278,1,0
USUGN,42.35000,-87.83000,1,0
USUXZ,41.00176,-73.66568,1,0
USUZF,43.02033,-78.88031,1,0
USVAB,36.85293,-75.97798,1,0
USXGO,40.65000,-73.83000,1,0
USXHF,47.68149,-122.20874,1,0
USXHO,40.73000,-73.93000,1,0
USYOB,35.22570,-80.32895,1,0
UYCYR,-32.52278,-55.76584,1,0
UYMVD,-34.90111,-56.16453,1,0
UYNVP,-33.87747,-58.40022,1,0
UYPDU,-32.22166,-57.46273,1,0
VCKTN,13.13000,-61.22000,1,0
VEAMY,11.77690,-70.24232,1,0
VEBLA,10.14457,-64.67768,1,0
VEEGU,10.89590,-64.06650,1,0
VEETV,10.59696,-71.64193,1,0
VEGUB,-70.21478,11.66567,1,0
VEGUT,10.23437,-64.59180,1,0
VELAG,10.58751,-66.92136,1,0
VELSV,10.71567,-71.67772,1,0
VEMAR,10.65445,-71.71480,1,0
VEMTV,8.31667,-62.80000,1,0
VEPBL,10.46977,-68.02987,1,0
VEPCN,11.65000,-70.22000,1,0
VEPSU,8.96667,-68.38333,1,0
VEPZO,8.27509,-62.76766,1,0
VGRAD,18.42299,-64.61412,1,0
VGTOV,18.42299,-64.61412,1,0
VICHA,18.34190,-64.93070,1,0
VICTD,17.74664,-64.70320,1,0
VISTT,18.35000,-64.93000,1,0
VISTX,17.75000,-64.73000,1,0
VNCLI,10.77000,106.78000,1,0
VNCLN,21.42000,107.05000,1,0
VNDAD,16.05441,108.20217,1,0
VNHPH,20.84491,106.68808,1,0
VNNHA,12.23879,109.19675,1,0
VNPHG,10.72000,106.95000,1,0
VNSGN,10.77000,106.67000,1,0
VNSTD,10.98046,108.26148,1,0
VNTOT,10.58502,107.15515,1,0
VNTTD,10.73000,106.72000,1,0
VNUIH,13.77000,109.22000,1,0
VNVIC,10.79601,106.67215,1,0
VNVUT,10.35000,107.07000,1,0
VUSON,-15.30035,166.91821,1,0
VUVLI,-17.73325,168.32732,1,0
WSAPW,-13.85070,-171.75136,1,0
YEADE,12.78550,45.01865,1,0
YEHOD,14.83000,42.90000,1,0
YELAD,12.73000,44.87000,1,0
YEMKX,14.54043,49.12720,1,0
YTLON,-12.75000,45.17000,1,0
ZABFN,-29.08521,26.15958,1,0
ZACPT,-33.92000,18.42000,1,0
ZADUR,-29.85868,31.02184,1,0
ZAELS,-33.02916,27.85459,1,0
ZAJNB,-26.20000,28.08000,1,0
ZAPLZ,-33.71392,25.52074,1,0
ZAPRY,-25.70000,28.22000,1,0
ZARCB,-28.78073,32.03829,1,0
ZAZBA,-33.77000,25.67000,1,0
ZMLUN,-15.38753,28.32282,1,0
ZWBUQ,-20.13251,28.62648,1,0
ZWHRE,-17.82517,31.03351,1,0
ZWUTA,-18.97577,32.65035,1,0
